,SMILES,des_gap,pred_gap,Err_pred_des
0,O=CCCOCCO,6.5399,7.555233,0.15525206833575192
1,COC1=CC(C=N)[N]C1,6.5399,4.4908185,0.31332000481371297
2,CCCC1CC1,6.5399,9.73371,0.48835766433759914
3,CCOCCCCCSCCCSO,0.3889,6.709365,16.252159658144116
4,CCCOCC=O,0.3889,7.6909,18.77603458199534
5,NC#CO,0.3889,8.552346,20.99111912973315
6,COOCOOCCCCC1OC1C,0.3889,9.078616,22.34434595596027
7,CNNC1CC1,8.2449,8.783421,0.06531559664084964
8,C=CCN=CC,8.2449,7.144297,0.13348892976805993
9,CCNN=CC[C]CNCCCOCCNC,8.2449,6.01976,0.26988075879198803
10,CCOCCOOCCSC,8.2449,6.768363,0.1790848889662212
11,OC1NC1C1CC12CO2,6.5298,9.14598,0.4006523754612119
12,CNON,6.5298,9.145646,0.40060125812059777
13,ON1CNNN1,6.5298,8.750637,0.3401079748910165
14,COC1C=CC=CN=NC2=CC=C1C2,6.3055,3.7503786,0.40522105959819
15,N#CC1CCCCCCC1[NH],6.3055,8.040296,0.2751241933060206
16,CCCSCC#N,6.3055,7.8490744,0.24479809114400058
17,CCC12OCP(O)C(O)OOC1CC(C)CC2O,4.955,8.777433,0.7714295449819862
18,CN=NCC=O,4.955,5.229639,0.05542665052365822
19,[N][N][CH]NC1CCC1C#N,4.955,6.903904,0.3933206783414007
20,[N][N]CC1CCCC[C]1N,3.0697,4.5618467,0.486088781670281
21,NCCOOCCO,3.0697,8.668929,1.8240313711556897
22,N[N]NNCCCCCCCNCC=O,3.0697,5.019168,0.6350678893981331
23,[CH]OC(C)CN(CCC)CCCC,3.0697,7.3273125,1.386979988103861
24,NNCCNO,9.2891,8.811252,0.051441836096088454
25,CCCOOCCCN,9.2891,8.374565,0.09845247391978564
26,C=CCCCC,4.4948,8.089713,0.799793783175815
27,CNCCO,4.0024,8.519507,1.1285996922201904
28,N#CC1CCCC2CC2SCS[N]1,4.0024,6.2859087,0.5705348538466033
29,N=C1NNN[C](CCNN)N1NN,4.0024,6.6526527,0.662165885588276
30,C1COC2COC(C1)CON[N]N2,4.0024,6.9029603,0.7247052519602132
31,NOC(=O)C1CCCCNON1[O],9.317,6.119736,0.34316451705370876
32,ONSC1COO1,9.317,7.492724,0.19580080049340148
33,CNNNN[N],7.9371,7.122455,0.10263759810426101
34,CCCNCC#N,7.7037,8.293216,0.076523716090703
35,COCPOCC1OCCC(C)O1,7.7037,9.239024,0.19929698226728454
36,[C]OCCOCC,7.7037,7.942434,0.030989502975963146
37,OC1CC2OON1C21CN1,2.7666,7.9792256,1.8841269556598583
38,C=CCNCCC,2.7666,6.961726,1.5163472090868457
39,CC1NNC(NSCCN(O)O)O1,11.78,7.253581,0.38424609108165486
40,CSCCCCC([NH])CC#N,11.78,7.794586,0.3383203580950233
41,CCCCCCCNC,12.8096,8.416384,0.3429627979573029
42,CCN=NN,12.8096,7.381843,0.42372571430354006
43,CCCOSCCCCCSCC(O)S,12.8096,6.056825,0.5271651604280989
44,O=C=[SH]CC=O,12.8096,4.479008,0.6503397297507788
45,CSCCCNCN,7.4136,7.237705,0.023725958952075795
46,C1CCSCCSCNSCC1,12.6984,6.966945,0.4513525191082182
47,CCCC,12.6984,10.477105,0.1749271450981198
48,C=CCOCCC,1.1947,7.5369654,5.308667757745226
49,CCCCO,1.1947,9.686184,7.10762863433779
50,CNNCCNN,1.1947,7.9126415,5.623120051283631
51,CC(O)COCc1cnnc(=O)nn1,1.1947,6.11145,4.115468481888758
52,CC.CCCCC,7.5787,9.053618,0.19461364496434852
53,CCCC[SH](OCSC)C(O)SCCS,7.5787,5.5427647,0.268639124955957
54,CCNCCSCCOSC,7.5787,6.988272,0.07790621213479967
55,CC(CCCCC#N)C(O)O,0.9793,9.262894,8.458688529314625
56,C1COCCN2OOC3CC2OC3C1,0.9793,7.9889426,7.157809275133696
57,CCNNCC=O,0.9793,7.3475795,6.502889287468119
58,[CH]CCCC1OCCCC1CCOO,6.4218,4.5811644,0.2866230091179441
59,O=CCSCCCO,6.4218,6.6823716,0.04057610270695525
60,COCCNCCCCCCCNN[O],1.9074,6.147195,2.2228137057595276
61,NOCCN=CCO,8.9512,7.984018,0.10805055758239054
62,CCCCCNNC,8.9512,8.29048,0.07381360487597421
63,C[N][N][C]CCCCCOOCOC,8.9512,5.5910854,0.37538146461257027
64,C=CCNCCCCCCCNCNN,8.9512,7.6603746,0.1442069620365474
65,NN1C=N1,3.3902,7.724559,1.2784964988086929
66,CC=NN=NN,3.3902,4.8227587,0.4225587501096047
67,[CH]C(CCC1CCNOC1C)ON,3.3902,5.862318,0.7291953391954544
68,[CH]SC1SCCC1CCCCOCCC,1.6042,5.400487,2.366467364484451
69,[O]OC(CCCCCNCCCO)COO,1.6042,7.7929463,3.8578396326228424
70,NCCCOCCNO,1.6042,8.35295,4.206925630301939
71,COCC1CCCCCCCSSCCSCCS1,1.6042,6.3187275,2.9388651622529185
72,CCCOO[SH](OCCO)OC(C)POC,3.3046,8.940123,1.7053569582915076
73,OC1OO1,5.2474,8.646531,0.6477743463508603
74,[C]CCC1(CCO)OC1CCOOOCCC,5.2474,6.623875,0.2623156498730417
75,CCC=C[N]SCCCCCCCCCOO,5.2474,5.0752506,0.03280660410672872
76,CNCCO,5.2474,8.519507,0.6235673682475302
77,CCCCOCCCC[SH]1CSCSS[N]1,7.0168,5.7084684,0.1864570121430247
78,COCC1CCCSC1CCCC(O)OO,7.0168,7.37999,0.05176007594068461
79,CN1CN(O)C(N)=N1,7.0168,6.834581,0.02596897470571882
80,CCCCCCNC,7.0168,8.619609,0.22842447826492926
81,CCCC=O,7.0168,7.784324,0.10938378878675972
82,CC(O)[C]n1cccn1,3.0261,6.1784368,1.0417159896018087
83,CCCCN=C(O)NCNC(O)COO,3.0261,6.7903895,1.2439408934970024
84,[C]NCCC1=CN=NC=CC1(C)C,3.0261,3.022841,0.001076971443413014
85,NOCNN(N)NONO,3.0261,7.9145236,1.6154203765678539
86,[C]NCCCC,3.0261,6.7333136,1.2250796604493703
87,NNN1NNC1N1C2COC1CN2,3.0261,8.610571,1.8454350178754086
88,OOCCNCCC1CCCNNNN1,9.6061,7.529446,0.21618074712625124
89,CN(C)NNO,9.6061,8.255861,0.1405605519046613
90,C=CC,9.6061,8.525667,0.11247361670690935
91,C=C(O)OCCSCSCCCOCC=O,9.6061,6.8419895,0.2877453371074719
92,CCNC1CN1,7.246,8.820823,0.2173368362902673
93,CCN1NCCCCCCNNC1ONC,7.5786,7.7811136,0.026721772434586087
94,CCCOCCC[CH]SCCOOCCSC,7.5786,5.243279,0.3081467579427431
95,CCCCCOCC,11.9046,9.474346,0.20414409884509588
96,CNONN,11.9046,8.961927,0.2471878589838861
97,NNCC1=CC=CN=N[C]1[N][O],11.9046,3.387816,0.715419589713134
98,N#CCCCCCNN,11.9046,7.9223843,0.3345106713299934
99,OC[PH](CO)COOO,8.7001,6.8790417,0.20931464330836094
100,OCCC1NCCNCCCCNN1,8.7001,7.911415,0.09065239478883513
101,N=NN,8.7001,7.8363233,0.09928354142354852
102,CCOOCC=O,8.7001,6.188288,0.2887106801275262
103,[NH]NCN1CC2CCCCC2CN1,2.4345,7.935614,2.2596484325484933
104,CNCCCCCCNNCNNC=N[N],10.5113,6.9663334,0.3372529193075808
105,CCCCOO,10.5113,8.493859,0.19193065642911344
106,CO[C]1CCCC1N,10.5113,7.4886146,0.28756532882007135
107,C=CCOCC,14.4683,7.577775,0.47624980118425253
108,CS[S]1CCSC(CCO)OOOO1,7.5001,5.976687,0.20311903114647922
109,[C]NNC1CCNNCCCOC1CN,7.5001,7.852628,0.047003137431312146
110,CN1COOCNCC(CCCOO)N1N,7.5001,8.197842,0.09303097882523029
111,CCCCOO,7.5001,8.493859,0.1324994721505927
112,CNCCCCCCCNN,7.5001,7.967999,0.06238569905412332
113,COCC(O)COO,13.3428,8.215816,0.38425101596903066
114,CC1NNC(C)(COO)O1,5.1242,9.15772,0.7871510893645022
115,CCNNCC#N,5.1242,8.013932,0.5639382202272313
116,OCOC1CCOCC1C1=CCC1,8.5072,7.699921,0.09489360410781057
117,C1CCC2CNNNNC2CSC1,6.4132,7.4830823,0.1668250318817613
118,C1CC2OCC1C2C1NNN1,6.4132,8.28327,0.29159700028100616
119,OOCC12CCCCCC1NN2,6.4132,7.237729,0.12856749712636453
120,CSC[SH]1CCC2SC2SCCSSCS1,6.4132,4.6202416,0.27957312386978556
121,CCOOC,6.4132,9.137703,0.4248273782034759
122,CCC1NCCCC2CN21,6.5512,7.854477,0.1989371304052598
123,CCCOOC,6.5512,9.027345,0.37796811327303653
124,C1CC2(CO2)C1CC1NN1,6.5512,8.5094595,0.298916152085791
125,CSCC1CCCCC2C(C#N)CCC12,6.5512,8.348423,0.2743349316385381
126,CCCC1CCCCOCCNCCN1,6.5512,8.345289,0.2738565805267249
127,CSCCO,11.6484,7.774226,0.33259278624878374
128,CC(CN)CCCN1CCCCOCC1C,11.6484,8.192396,0.2966934373870721
129,CC.CCCCO,8.0341,9.032497,0.12426997498237001
130,NOCCCO,8.0341,9.190296,0.14391110057077988
131,[C]1CCOCCCCCSCC1,8.0341,6.260098,0.22080905384557484
132,CCN(N)N[C]CNCCCOCCCO,8.0341,7.2904034,0.09256751022655098
133,C.CCCO,8.0341,8.8702345,0.10407319916865827
134,CNN,14.3061,8.464287,0.40834421650909625
135,CC(N)CCC1OC12CC2[NH],14.3061,7.965457,0.44321254831257656
136,CCOOCCCCCNC,14.3061,7.9997034,0.44081871318615157
137,CSCC1CCCCSCC(C)SCSS1,14.3061,5.842625,0.5915990283065407
138,O=CCOCCCCCOC1COC(O)C1,14.3061,8.510831,0.4050907739208152
139,CCCCNNC,14.3061,8.287883,0.42067490057593576
140,C#CCOCCCN,14.3061,8.060607,0.4365615397290713
141,[NH]C1CCCCCC12CO2,8.1631,7.093334,0.13104896448677011
142,CSCCN,8.1631,7.671279,0.06024929823813918
143,NCCCOCCCCNC1COC1OO,1.2314,8.480579,5.886941185821588
144,CC(C)OC[CH]CC(O)CO,1.2314,8.4429,5.856342134139591
145,CN1CC1NCNN,1.2314,7.9249363,5.435712436702667
146,CC(OO)C1=NC=NC(=N)NO1,12.7628,4.908901,0.6153742740934898
147,COCCCCC(C)OOCCPSCCSC,12.7628,6.6728635,0.47716304545797517
148,[O]C1(O)SCCCCN1CCOO,6.0941,6.73531,0.10521817457331456
149,CCCCSC(CC)[C](C)OCCC,0.408,7.115351,16.439586274764117
150,CC.COCCO,0.408,9.303955,21.80381146599265
151,COCC1OCCCSCCSC(=O)CO1,3.7077,7.1808577,0.9367418233369017
152,N#CCCCCCC1CC1[N][NH],1.0072,7.3374662,6.285014138134629
153,CNCC1CCC#CCCC1[CH]NN,1.0072,6.6987286,5.65084249543424
154,N=CCN1CC=CCCCNNN1,1.0072,6.541363,5.494601630710059
155,S=C1OCCCNS1,1.0072,5.76486,4.723649874104688
156,CCCOCC#N,14.9078,8.838896,0.407095896260381
157,COOCCO,14.9078,9.002685,0.3961091111229904
158,CCPCCCO,14.5587,7.686349,0.47204428176278806
159,NNP(NO)c1ccnonnn1OO,14.5587,5.9717565,0.5898152679646897
160,C[N]OC1CCCCCCC12C[CH]CCCCC2C,14.5587,5.218983,0.6415213464546724
161,CCCOCC#N,14.5587,8.838896,0.3928787736728216
162,CSCCSCCCCSCS[SH]C[S],12.0039,5.298736,0.5585821195254487
163,N.OSCC1SC1CS,12.0039,6.467697,0.4612003479240341
164,CCNNCN(CC#N)CCCN,12.0039,7.603842,0.3665523886723306
165,[N]N=C1CCCCN1CC=O,12.0039,4.210097,0.6492725834028867
166,CCCOCCCCC#CC1CCCCCCC1,9.0273,8.412381,0.06811769054089534
167,[N]N[C]CC1CCC1CON,9.0273,6.1630907,0.31728305186804673
168,CCOCOCCCC1=CN=NC=C2C=C21,11.4744,3.849273,0.664533834763919
169,C#CCCCC,2.5384,9.018109,2.5526746460739984
170,CNCN(N)NNC(O)O,2.5384,8.364587,2.2952201505433183
171,CCOCCCN,4.3953,8.723616,0.9847600041777137
172,[N][N]NNCCC1CCC1C#N,7.861,7.4388056,0.05370746976985621
173,COCC1OCCCCCCC1CN,5.3494,8.583822,0.6046327158870548
174,C#CCOCCCC1CC1[C][N]C,5.3494,6.237593,0.16603603656124288
175,CNS,0.6852,8.116383,10.845275246463737
176,CN(CO)NN,14.7473,8.592603,0.417344006713272
177,CCCOOCCCCCOCCCCOOCCC,14.7473,8.87088,0.3984742883813901
178,OOOCC1OOCC12CO2,6.6203,7.8841887,0.1909110843977726
179,NCN=NC=NN,6.6203,4.149906,0.373154364840375
180,O=CCOCCCCCSCS[CH][S],6.6203,5.5350876,0.16392193927024176
181,CCCOOCCCNCCCCSC,6.6203,7.0498176,0.0648788668343234
182,COOCOOCCCCC1CCCC1C,7.56,9.174365,0.21354034968784882
183,CCCCOOCC,7.56,8.686305,0.1489821489525851
184,CNN(COC(N)O)NO,7.56,8.515461,0.12638372592825114
185,CNN(O)NN,4.8531,8.411771,0.7332778678819054
186,CN1CC2[CH]CC21NN,4.8531,7.7323384,0.5932781991917153
187,NN=CO,4.8531,8.113529,0.6718240310981156
188,CCOC,4.8531,9.752124,1.0094627831082474
189,CNCC1CC1,3.8962,8.516046,1.18573111502837
190,N#CCOCCCCC1CSSCN1NS,3.8962,6.469534,0.6604727478794944
191,C#COOCCC,3.8962,7.98459,1.0493275636667392
192,CSCO[SH]1CCC(CP(C)S)OO1,5.8033,6.69682,0.15396753265505486
193,C1COC2(CC2)[C]2CC(C1)C2,12.4803,7.145037,0.427494757800305
194,CCCCOOCCCC[C]CCCCCCO,12.4803,6.8569427,0.4505786997383071
195,CNP(=O)(CN(C[N])CO)OC,11.0512,6.818967,0.3829659344198321
196,CCCNC,11.0512,9.096561,0.1768711604273956
197,[CH]OCCNCCC(C)CNOCCC,11.0512,7.3250628,0.33717037500271285
198,CCCOO,11.0512,8.696661,0.2130573154514081
199,[C]1CCCN2NCCC2O1,11.0512,7.7387123,0.29974009059730927
200,CNN1[N]CC1CC(C)OON,11.0512,7.2555685,0.3434587642669125
201,CCCCS,5.6882,7.9766197,0.40230999621303476
202,CCCCOP,5.6882,8.766973,0.5412560285870894
203,NNOCC1Nc2onnc21,5.6882,6.429579,0.13033627177805449
204,COCCS,5.6882,7.768211,0.36567119438643775
205,COOC=NO,5.6882,7.293185,0.2821604785467853
206,SCCCCSOC#[SH],5.6882,4.5035124,0.20827109058976054
207,NC(O)CCCC1OC1COO,0.1953,8.482909,42.43527497478589
208,C[C]1CCCCCCC1CS,0.1953,6.0828247,30.146055847574246
209,CC[CH][C]CCCCCCOCCOC,0.1953,5.905371,29.23743568416504
210,CNOCCCCCNCCNNN,11.9611,7.754689,0.35167424261867475
211,CNOCCCCCOOC,11.9611,7.8981657,0.33967898413859726
212,COCCSCCCNCCC(O)OO,11.9611,7.6858377,0.3574305251468089
213,[CH]N=CCC1CC1CNNN,4.0408,6.0431476,0.49553245989267625
214,COCCOOCCSCCCCSCC(C)S,4.0408,6.5871506,0.6301600113171819
215,NNCC1CCCCCCCCNNN1,4.0408,7.697093,0.9048438452654748
216,CC1N=CC=C2CC(=CON=N1)N=N2,4.0408,3.2980187,0.18382035885865416
217,C=C(CCCCCCOOCOC)CNOO,4.0408,7.165794,0.773360199891466
218,C#CCOCCCCCCC[SH]1CC1C,8.7403,7.2151113,0.17450073159436721
219,C1CNN2OCC(C1)NO2,8.7403,7.6576524,0.12386847384159859
220,[NH]NNN=CC1CCCN1CCNO,8.7403,6.1972637,0.2909552626738936
221,C=C1OOCOOCOC1(C=O)OCO,8.7403,7.7741404,0.11054078716163154
222,CCCCOCCCC1CC1CCSCCSN,0.3833,6.9065843,17.018743185097577
223,CCCNN1CCCCCC(C)O1,0.3833,8.551732,21.310806322184863
224,C#CCNCCCCC[C]N,9.933,6.877837,0.3075770481132278
225,NCC=NC=NO,9.933,5.8201404,0.4140601669399085
226,COCN1ONC1CCCCNON,9.933,7.9507074,0.19956635099084766
227,CCCCCCC,5.8129,9.991948,0.7189265474628124
228,COO,5.8129,8.133093,0.3991455005675349
229,CCCCCCC.CCCCCCCOOCCC,7.4561,8.938771,0.19885345527336937
230,NNCC1(C(O)O)NNN=C1OO,7.4561,6.8658943,0.07915742578198348
231,CC[C](C)CSCCCCCCCCOC,7.4561,6.8995357,0.07464550422132997
232,CCOCC=CCSCC1SS1,6.2236,5.208169,0.16315814264099998
233,CSCOOCCCCSCN1CCSCSC1,6.2236,6.767416,0.08737965170740579
234,CCOCOOCCCOC(C=O)CCCO,5.2631,7.5534573,0.4351726663243785
235,CCOOCC#N,5.2631,8.45677,0.6068039640586926
236,COCCC1(CCO)NON1OOO,5.2631,8.40396,0.5967700077836844
237,CCCCC1(CO)ON1OCCOOCC,5.2631,8.725168,0.6578001991505794
238,CCCC1CCCCCCCCCCCOOC1,5.2631,8.784958,0.6691603590549653
239,NCCNN,5.2631,8.126333,0.5440202991952151
240,N#CCO,5.2631,9.076803,0.7246115801328992
241,COOCCNN,8.2647,7.993688,0.03279149799304685
242,CN1C=NC1NO,8.2647,7.741312,0.06332812721846655
243,CC(CCSCCC(=O)NN)NNNN,14.5937,6.868282,0.5293666553870454
244,CCCOOOCC1COC(CCC)CCC1C,14.5937,8.920971,0.3887108192748894
245,CCCOCCOC,14.5937,9.3051605,0.3623851029923229
246,CCOOCCCCCN,4.6989,8.197424,0.7445410489553987
247,CNONCCNO,4.6989,8.517165,0.812587027606673
248,NCNONNN=O,0.627,6.1588087,8.822661416572437
249,CCOCC=O,0.627,7.077767,10.288304458204449
250,[O]N1CCCCCCCCC1CNO,0.627,7.072768,10.28033207554186
251,CC(O)CCNC([O])CNCCNN,0.627,7.055087,10.252132519200279
252,COCOOCCCSCSC1CC(O)C1,0.627,7.0748067,10.283583237984153
253,CNOCOCCCCCCCCNN,11.076,8.42895,0.23898967950944225
254,CCN1C=NC(COOO)CN=NN=NN=N1,9.8627,3.7814963,0.6165860984930889
255,CCCN(NO)NOOC(C)C,9.8627,8.872889,0.10035907357382093
256,CNOOOCOCCNCC1CC1,9.8627,8.089955,0.17974232919028063
257,NNNCNNN,9.8627,7.7712984,0.21205162800163235
258,C[N]N,6.2513,7.834415,0.253245718323206
259,C1=NN2N=NCC3CC1CC1C3NC12,6.2513,4.854229,0.22348487940289666
260,CC#CCCCC1CCC2CCC1C2CCC,9.6576,8.955524,0.07269669021495219
261,[O]N1C2CNC(OCCO2)C1O,2.5572,7.690496,2.007389319515482
262,C#CCOCCC[N]C[SH](N)OOOO,2.5572,5.509651,1.154564048209773
263,CCCCOCCCC1CCSCCC=CO1,2.5572,6.8869104,1.6931450174165485
264,C[C]CCCC#CC,2.5572,4.3336544,0.6946873156915859
265,[nH]1oo1,13.2248,7.117762,0.4617867877944744
266,CC1CCNCCC(C)(C)[N]S1,13.2248,6.6924205,0.49394921037478845
267,CCCNN,13.2248,8.131941,0.3850991439057827
268,CCOCCSCCCP(C)C(C)COO,13.2248,7.3054175,0.4475971252730318
269,COCCC(COC)S[N],13.2248,7.292542,0.44857071708128604
270,CCOOCCO,11.6701,9.107792,0.21956179461746123
271,CCCNC=NC,11.6701,7.087645,0.39266629644445844
272,ONPCOO,11.6701,8.075516,0.3080165768013716
273,CCCOCCCCCOCC[SH](N)OO,11.6701,7.45474,0.3612102683391887
274,OCCC1CCCCSC(SC[S])S1,2.0093,5.723951,1.8487288423254473
275,CSCC1CCCCCCCSCSC1N,2.0093,7.1432223,2.5550800437967114
276,CCCCCCCC,2.0093,9.966266,3.960068520582174
277,CCCC[SH](O)CCCC(O)COCO,2.0093,7.3633,2.664609489199806
278,NNCN1OCCOC1C=NNN,13.0337,6.73191,0.48349967939040733
279,CCOC,13.0337,9.752124,0.251776254424865
280,CCCOS,13.0337,7.8648806,0.3965734548264412
281,CC(=O)OONONNC(C)O,11.2317,7.786005,0.30678303194159373
282,C.CCC1C=COO1,11.2317,6.98522,0.3780799028246538
283,NN[C]1CCCSCC1,11.2317,5.06749,0.5488225201117733
284,CCCCOCCCCC(CCCC)CCCC,11.2317,9.308894,0.1711945513671423
285,[CH]C1(CCC)NONC1C,11.9788,6.187928,0.4834267038628188
286,O=C(O)NCC=NCNNO,11.9788,6.768036,0.4349988405623372
287,O=CCCO,11.9788,6.8438745,0.42866777519465293
288,[O]N1C(O)CCCCCOC1COO,8.1502,7.918641,0.028411438934864603
289,CCOOC,8.1502,9.137703,0.1211630318144992
290,CCCOOCCCCCCC(O)CC,3.3126,8.778537,1.6500443146078079
291,COCC1NC=CSC[C]CCC1C,3.3126,4.94512,0.49282130585886785
292,[N]OOOCC1CC1CC1OCO1,13.7769,8.507411,0.38248727920556924
293,CCC.CCCC1CCCC2CCC1C2,13.7769,9.344496,0.3217272555280629
294,CC(C)C,13.7769,10.353708,0.2484732946300028
295,CNCC1CCC1,13.7769,8.603709,0.37549744711174277
296,CCOCOCCO,13.7769,9.747748,0.2924570567443354
297,OCCP,8.8813,8.51138,0.041651537993573434
298,CNCCNCCCC1=NC=NCNNCNN1,8.8813,6.17949,0.3042133370771729
299,COC(N[N+])OC(O)NO[O],8.8813,7.334699,0.1741412682940395
300,[CH]SCCCCCCCCCCOCCCC,8.8813,5.159744,0.41903282336390457
301,COCCS(C)(O)C(S)OOOO,3.9567,6.7693987,0.7108698383172894
302,NNNC1=C(N)N1,3.9567,6.981668,0.764517905186868
303,CCCCCOCCC=O,3.9567,7.6025443,0.9214356174864761
304,CN=NCC=O,3.9567,5.229639,0.3217173536898745
305,CCOC1CCCSSCCC1CSOCOOO,3.9567,5.872374,0.48415954147895346
306,CCOC1CCCOC2CCC12C,3.9567,9.202332,1.3257592294004474
307,NNN[C]CC1ON1CC1CC1,13.7087,7.5362043,0.4502611963152064
308,CN[C]CCCCCCOCNN,13.7087,6.927172,0.49468788550406106
309,CC1=NN=NN=NN=CN=C(C)N=C1,13.7087,2.7910032,0.7964064260481383
310,CCCCCNNC,13.7087,8.29048,0.3952395442285425
311,C.CCCCO,13.7087,9.0157385,0.34233454031063104
312,C#CCN=C,13.7087,7.635826,0.4429941489098278
313,NCC1CCCCOC1NNN,6.296,8.336076,0.32402728443073037
314,CCCCCCC(O)CCCC(CO)CO,8.1029,8.828729,0.08957640793324428
315,NNCC[O],8.1029,7.163401,0.11594600367009684
316,C1NC1CC1CS1,8.1029,7.3796988,0.08925215005036054
317,CCC.OCCOO,8.1029,7.9511433,0.01872869407613227
318,CCC[SH]1CCC1,9.1266,7.298778,0.20027413745552683
319,CSCCOCCCNS,9.1266,7.3431954,0.19540733258990095
320,C#CCCCCOCCCC.CCCCCCC,12.3937,8.4156885,0.32097045154316534
321,CNOCPO,12.3937,8.110783,0.3455721355776713
322,CCOSO,9.3534,7.4698396,0.20137708502721002
323,[C]COC(=O)CCCOC(=O)OC,9.3534,7.9030566,0.15506055321578108
324,OCC1OCON2CCC(O)OON12,9.3534,8.7114,0.06863813885395081
325,ONCC12CCOC1C[N]N2O,9.3534,6.0133877,0.35709071780810075
326,CN1CCCOC1CCCCNNN,9.3534,7.808606,0.16515853617228893
327,NCCCNCCCO,9.3534,8.269258,0.11590891595877532
328,CCCOCC=O,2.6507,7.6909,1.9014599347108265
329,CCCC1CCCCCCC(S)C1[O],2.6507,5.5104165,1.078853324676858
330,OCCC1CCCCOC=N[C][N]1,2.6507,5.87368,1.2158977306923053
331,CCCCCCCP,8.8689,8.667024,0.022762275056383386
332,NNCC1CCCNC1C1NNN1NN,8.8689,7.294123,0.17756168490342547
333,[NH]CCCC1COC1CNO,8.8689,6.0734167,0.31520067766014925
334,CCCCOO,8.8689,8.493859,0.04228717303423647
335,CCOCSC,8.8689,8.19419,0.0760759479383475
336,C#CCOO,7.339,7.3890333,0.006817457087602882
337,CCCCCCC[CH]CCCCSCCCC,7.339,6.336916,0.13654231232475372
338,CCCOOCCCC1CCSCCN1C,7.339,7.4935446,0.021057988629547032
339,CCC(C)[N]NC1(N)OO1,8.2186,7.882492,0.040896008391978295
340,OC(CS)CCSCC1COCCCCCS1,10.4928,7.310806,0.3032550131921981
341,CCCCOCCC,10.4928,9.288697,0.1147551423131275
342,CC(N[N]N)OONNPOO,3.6872,7.253844,0.9673041289683977
343,COCCC1CCCC1NO,3.6872,8.456651,1.293515603695963
344,CCCCCO,3.6872,9.84287,1.6694699931129198
345,[O]OOC(O)C(CO)NOCCCS,2.7994,8.368129,1.9892579754769926
346,C[N]CCCCCCCCSCNN[C]N,2.7994,5.8503003,1.0898407916132873
347,CCCC,2.7994,10.477105,2.742625255656939
348,CCCSC,2.7994,8.487873,2.032032963275194
349,CN=C=N,1.6587,6.8476114,3.1283001310105076
350,N#CCOCCCNN1C2CSC1NN2,1.6587,6.8284035,3.1167200053658832
351,CN(O)C(O)NC1CC1,4.1109,8.422804,1.048895346222039
352,CCCS[SH](O)CCCSCC,4.1109,7.387986,0.7971700073381751
353,CSCC1CCCSCOSSCSS[N]1,0.1538,5.618945,35.534103522530145
354,C[C]CCCC[N]CCCCCCCCN,0.1538,5.6176796,35.52587513619809
355,[O][N]N=CC1=CCOC1ONO,0.1538,3.0392442,18.76101544185485
356,CC.OCCCO,0.1538,9.016704,57.6261612851226
357,COCCCNCC(O)C(O)O[NH],9.4404,7.9165945,0.16141323404622068
358,CCCCOCCCSC[N]CCC=NCC,9.4404,5.9847164,0.36605266562801647
359,CCOCOO,9.4404,9.134849,0.03236636215991621
360,CC(NN)NCCCOCC=O,4.4276,7.604331,0.7174837421041935
361,CCOC1OCCOC1CCCCCOOO,4.4276,9.011111,1.0352134925152339
362,[CH]CSCCCCCCOOC,2.8093,3.6865752,0.31227536195196853
363,O=CCO,2.8093,7.319892,1.6055928272617608
364,CCCCOCCCCCSCCCCCOCCC,1.4293,7.6444216,4.348367436824749
365,CC(O)C(NC(O)CCSO)OO,1.4293,7.8072996,4.462323944555123
366,CNCCOCCC1CCCCCN1,1.4293,8.1289,4.687329164122148
367,C#CCSCCC,4.2563,7.238799,0.7007257700711435
368,NNNC=O,4.2563,7.511799,0.7648659301840982
369,CCSC1CC1,4.2563,8.234224,0.9345967905124185
370,CCSCCOS,3.2239,7.548617,1.3414550346285292
371,NOCC1CCCCCCCC1C(=O)CO,3.2239,8.081785,1.5068349520848558
372,CCCCCCCCCCC1[C][SH]1CSC,3.2239,4.9675097,0.5408386570773019
373,CCOCOOCCSCCCSO[O],3.2239,6.8636527,1.1289905723335836
374,COCCCC1CC1,3.2239,9.415491,1.9205282744892758
375,CCCNNC=O,4.2841,7.7870984,0.8176742857882314
376,CCC[SH]=CCCC1CCCCSC1CSC,4.2841,4.816523,0.12427886256244258
377,O=COOCO,4.2841,7.9042125,0.8450111983434091
378,CCC[SH]1CCPSSC(OO)OSOS1,4.2841,3.809005,0.11089726615883136
379,CC1CCN2NC12,4.2841,8.403558,0.9615690057199379
380,CCCCNCC#N,4.2841,8.278399,0.932354395898383
381,O=CCO,7.0711,7.319892,0.03518433194643895
382,CC(C)CCCNSCC1CCN1,7.0711,7.4310308,0.050901663146421035
383,[C]1C2CCC3C14CC23CO4,7.0711,6.3965282,0.09539841834812768
384,CCCCCCC[C]CCCCCOCCCC,7.0711,7.5032625,0.06111673146136038
385,CN=NCOOC,8.2425,7.238167,0.12184812749990519
386,O=CCOCCCOCCN[CH]CCO,8.2425,6.1952486,0.24837748209635413
387,N=NCCCCCCC1CO1,8.2425,6.1605844,0.2525830209562552
388,NNCCNO,12.6767,8.811252,0.30492544271617816
389,[C]CCCCOCC,12.6767,7.3445544,0.420625681424512
390,CNP(S)CN(OC)SSCC(N)OC,14.8276,7.7099733,0.48002553783038976
391,COC1CCCCCCCCCCCCCCC1N,14.8276,8.390122,0.43415506126175146
392,C1NO1,14.8276,9.362357,0.36858580352940445
393,OOCC1N[N]CCCCCCO1,14.8276,7.723199,0.4791335825969115
394,[CH]N=CSCCCCCNCC#N,0.733,5.181115,6.0683699187607925
395,C=CCC1N=NN=CN=NC=C(CC)N1,3.4818,3.2194428,0.07535101258232255
396,NNCC1CCCSSCNN1NNN,3.4818,6.285683,0.8052970173645284
397,CCCCCCONCSC,3.4818,7.6438155,1.1953631792249806
398,CNOC1ONCCCCNNNC1CN,3.4818,7.806018,1.2419489561925978
399,[CH]OCCC1CCC1CCCOOCC,3.4818,4.780263,0.37292864239259
400,CCOCOO,3.4818,9.134849,1.623599458517298
401,CCCOO,2.422,8.696661,2.5906940526355893
402,COCC1CCCCCNNN1C1=CCC1,2.422,6.0626116,1.5031426836891078
403,[N]ON(CCCCCC=O)CPOO,2.422,6.9148736,1.8550262592923628
404,NNCCCCC1CCN1ONN,2.422,8.302921,2.4281260508530202
405,N#CC12CC1CC[CH]N2[O],2.422,5.4725018,1.259497008571735
406,C1CCCC2NCCCNC2NCC1,13.0522,7.828525,0.40021413505955067
407,OCC1OCC1CCNC1OC(NO)N1O,13.0522,8.387254,0.3574068922257164
408,CN1C=C(N)N=N[C]C1,13.0522,4.5015726,0.6551100497274212
409,C[C]C(SC(OC)OOO)C(C)OO,13.0522,6.353084,0.5132556896636715
410,[N][N]NCCCCCC=NCCCO,13.0522,6.2444477,0.5215789132766979
411,N#CC1CCCCSSC1CNC[NH],3.261,5.5589666,0.70468158131178
412,CCC1ON2C=CN=NN=NN=NN12,11.1263,4.034547,0.6373864759972483
413,CCCCCONC,11.1263,9.111761,0.18106099124240332
414,[C]CCCCCCCC#C,11.1263,6.5603366,0.41037572330305383
415,NNNNCCC1NOC1ONO,9.7953,8.597534,0.12227964639291286
416,CCOC1CCOC=NC=CC=C(S)N1C,9.7953,5.3285604,0.456008457900683
417,CN1CCCON1,9.7953,8.643848,0.11755143597547255
418,CCCOO,11.9833,8.696661,0.27426827372398266
419,CC1[C]ONC(=O)ON1,11.9833,8.00174,0.33225902250403133
420,[N]SC1(PNN)C(CS)[SH]1N,11.9833,4.8163676,0.598076687874777
421,C.CCCCO,11.9833,9.0157385,0.2476414270490055
422,[CH2]CCCCCCCCNOCCC,0.4687,5.2849402,10.275741930376219
423,CNCNOC=O,0.4687,8.413607,16.950942273686277
424,CCOC(CCCNNCC=O)C(O)OOOOO,0.4687,7.0153303,13.967634552242863
425,CCCOCCCN,0.4687,8.686274,17.532693780305316
426,[O][SH]1CCSCCC1CCCNCCCO,3.4436,6.155573,0.7875400427562294
427,O=NC1NC1OC1NOO1,3.4436,6.4351845,0.868737506899688
428,CCCOO,3.4436,8.696661,1.5254562073072941
429,CC(O)SSO,3.4436,5.660395,0.6437435083680624
430,CCCCNN,10.5694,8.184256,0.22566507086725965
431,CCCOOCCCOOCC1CCO[N]1,1.3134,7.708202,4.868891339442203
432,CCCCCCCCCCCCCCOOCCCC,1.3134,8.85825,5.744517789178195
433,[N][CH]CCCCCNCC#N,1.3134,4.6812525,2.5642245161818358
434,N#CCN(CCS)SC(N)N[NH],1.3134,6.4777207,3.9320243166265234
435,CC1CCCCOC1COO,1.3134,8.532797,5.496723663576375
436,CC1COC=C(N)N=CN=N1,1.3134,4.0890546,2.113335301129263
437,CC=NCC=O,1.3134,5.786491,3.4057339098567163
438,CC=NC=NN,0.4588,4.9738245,9.840942678809062
439,CNCC1CCC1,0.4588,8.603709,17.752635616578534
440,C=C=NC,5.357,7.065071,0.3188484424037766
441,C1CC12CC2,5.357,9.584097,0.7890791317097883
442,COCCOOCO,5.357,8.647713,0.6142827529437243
443,[N][N]C1CCC2CCCCN2C1,8.8467,6.1166472,0.30859560700602984
444,CCNSCCOC,8.8467,7.548341,0.14676197933417928
445,NNNCCC1COC1C=O,0.7833,7.265543,8.275555960690399
446,COCOOCCCCSC1SCCSCSS1,0.7833,6.5815315,7.402312683082093
447,COCCOCOCN,0.985,9.411899,8.555227018249822
448,[O]C12CCCCCCC(CO1)O2,0.985,8.498739,7.628161667567219
449,CCCC1CC1CCCOCCOC,0.985,9.325213,8.467221758692398
450,[N]NNN,0.985,7.8174276,6.936474756540986
451,OCCOO,0.6525,8.535271,12.080874622096504
452,C.C#COOC,0.6525,7.186969,10.014511576100785
453,[O]C[N][CH]SCCCOOCC=O,0.6525,3.8849423,4.953934548915118
454,CNCNN,5.9273,8.274174,0.39594313373243567
455,CCCOCC#N,10.0264,8.838896,0.11843774458135606
456,COCCCCCO,2.9704,9.298154,2.130269955985154
457,CCCCO.CCCSCC1CCCCCC1,2.9704,8.001039,1.6935896011751166
458,CSCC1=C(C(N)=O)N=C[CH]1,2.9704,4.2402616,0.4275052365735313
459,[O][N]NOCC1OCCOC1CNO,13.144,4.899219,0.627265745883879
460,CC.CCCPSCOCCOOCC(C)C,13.144,7.4228306,0.4352685193498905
461,CCOCSCCCNSC,13.144,7.131564,0.45742816948266707
462,CCCONNCNO,13.144,8.5137415,0.35227164537240585
463,[CH]CNCC#N,13.144,4.9645233,0.6222973740543452
464,C#CCCCC,13.144,9.018109,0.3138991690813878
465,CCCC1CCC2CCCSC2N1[O],6.4858,6.247168,0.03679298403937349
466,CC1SCCC2[CH][SH]21,6.4858,6.123432,0.055870955098241096
467,C=CCCC(C)CCNCCCCCOCC,6.4858,7.6685038,0.18235279553663444
468,CCCCNCC,6.4858,8.536034,0.3161111397778367
469,CSCCSN,6.4858,7.395297,0.140228969514335
470,N[N]CC1COC1CNO,9.2946,6.0740757,0.34649412574478317
471,OCCC1CC1,9.2946,9.237082,0.006188375216796841
472,CCC1CN1,9.2288,9.146838,0.008881090914161425
473,CCCC1CCCCOC2CC1C2,9.2288,9.434324,0.02226987956466361
474,N#CCN=CCCC=CNNCN[NH],9.2288,5.1721025,0.43956934256626395
475,N#CCO,9.2288,9.076803,0.01646983276293112
476,N#CCN1CCCC1NNN[N]NO,9.2288,7.0306234,0.23818660757908705
477,C.ONOC1CCCCCCCOC1O,14.3049,8.106412,0.4333122263071447
478,C#CCCCCCCC([O])OO,14.3049,7.6345487,0.4662983548229615
479,C#CCOCCCNN[C][N][O],6.7202,4.4440207,0.338707070007079
480,COC(C)S[C]CSCCCOOC#N,6.7202,4.560239,0.32141322606532535
481,CCCC1CCCCSC2[CH]CC12,6.7202,5.5823503,0.16931783963887417
482,[N]CNN,6.7202,7.712382,0.1476417130073803
483,CCCCCCS.CCCCCOCCCSCC,3.1057,7.629213,1.4565195789331629
484,CC(N)C(NNNNC=O)ON,3.1057,7.907298,1.546059853840915
485,CCCO[SH](O)CCCC(C)O,6.3805,8.1035,0.27004159019057095
486,CCCCCCC[CH]C1CCCOC1C,6.3805,7.4680395,0.17044738071221344
487,OCCO[SH]1OCCCSC(O)O1,6.3805,6.2899866,0.01418593990869085
488,N#CC1CC[CH]C1NNNO,6.3805,6.2391763,0.02214931849448356
489,CSC[SH]1CCSCCSC(O)[SH]1,6.6686,5.118909,0.2323862756588919
490,CCCCNNCCCC[C]CCCC[N],6.6686,5.584001,0.16264267397946533
491,N[C]NNCC1C[CH]CC1CNN,6.6686,4.9124637,0.26334408046538327
492,COOC1NNC[CH]O1,7.6143,8.0396805,0.05586599962662769
493,N=CON,7.6143,8.226375,0.08038488451461959
494,N#CCCCCO,7.6143,8.956055,0.1762151067727828
495,CCCNOO,7.886,8.37504,0.06201370204429228
496,NNNCCOCCOOCC=O,7.886,5.7637196,0.26912001537968294
497,ONCC1NNOCCCCCCCO1,7.886,8.254331,0.04670690274800921
498,CCOC1CCCNC1CC(C)[C]NO,0.6364,6.6167164,9.39710305607746
499,C.CCCOC,2.4663,8.961418,2.633547480783144
500,[N]NNC(CON)CONCCON,2.4663,8.478832,2.437875459138404
501,COC1O[CH]COC1CCCCCCN,2.4663,7.507048,2.043850354796821
502,CNN,10.6196,8.464287,0.20295615614531445
503,CCCCC#CCCCCCCCCCC,10.6196,9.353577,0.11921572750798054
504,NNCNNN,10.6196,8.380787,0.21081896721609542
505,C1CC1,10.6196,10.163527,0.042946388278825985
506,[NH]NCCCCNCCCOCCOO,11.6638,6.604493,0.4337614549997157
507,CCCNC1=NC1,11.6638,7.7995553,0.33130237987051736
508,COCC(O)CNO,11.6638,8.781564,0.24710953901386362
509,C=C1CSCCSC(CCCCOCC)C1O,11.6638,7.1155396,0.38994671112491214
510,C#CCS,11.6638,7.760622,0.3346403380942632
511,C[C]1CC2C3CCC1CC2C3,11.6565,6.9254947,0.4058684278412971
512,CCCCNCC,11.6565,8.536034,0.267701828990598
513,CCCC1OCCOC1CC1CCNOCC(CC)[1C]1,11.6565,8.343159,0.28424838314040846
514,C#CCSCCCCSSCN[CH2],7.5417,5.548355,0.26430975741025725
515,CNNNNNNO,7.5417,7.6535316,0.014828427458143969
516,COCCNC[C]N,7.5417,7.6734343,0.017467448653131868
517,CNN(C)NN,7.5417,8.188356,0.08574411598659894
518,CCCCCNNC(=N)OOONO,7.5417,7.27227,0.03572534009086557
519,NNCCNNN,14.3512,7.755652,0.4595816411982147
520,CCOCC=NN,14.3512,6.8684254,0.5214041077218146
521,CCOOCCOC1CC1NN1CCCCC1,14.3512,8.260589,0.4243973572986887
522,CCOC,14.3512,9.752124,0.32046631412685794
523,CNCC1OCC1CCCC1NN1,14.3512,8.153915,0.43183041102671293
524,ON[C]NNOC1CCCCC1CNO,4.9781,7.72552,0.5519013547281427
525,CC12CC[C]1C1CCCCCCC12,11.2256,7.4148836,0.3394666108193392
526,COCCOCCCNC[C]NN,11.2256,7.4785643,0.3337938050179824
527,CCCOC,11.2256,9.836111,0.12377858923125838
528,CSCCS,12.8676,7.4700375,0.41946925142783825
529,CC.CCCCO,12.8676,9.032497,0.2980433487203628
530,C1CC2CCNC3(CN3)N2NN1,12.8676,6.8081717,0.47090586052449634
531,CC(CONN1N=NC1=N)OOO,6.2169,6.008073,0.03359023740314642
532,CCCCP,6.2169,8.894555,0.43070583278770935
533,C=CC1CN(SC#[SH])SN1,12.7303,5.187526,0.592505579126674
534,CCCOCCSC,12.7303,7.670221,0.39748310315560564
535,CONN,6.6686,9.248911,0.3869344246064638
536,C1=CC2=NN=NN3CCCC3N2N=C1,6.6686,3.4283524,0.4858962366978029
537,NNCNCNSCCSN,6.6686,6.6043406,0.00963612253191198
538,CCCC1CCC1C1CCCCC1CSCN,0.1267,8.126606,63.140536602595326
539,C[SH](P([O])O)P(O)OOO,0.378,6.8241954,17.053426944389546
540,CCCCSCCSCCCCCCOCC,0.378,7.102903,17.79074838426378
541,CCCC1CC(OC)C1CCO,0.378,9.110874,23.102841735516908
542,CC12CCN1NCCCO2,0.378,8.105924,20.4442424673252
543,CN(C)COC1CCCO[N]1,14.1068,7.273195,0.48441923115898183
544,COCCO,14.1068,9.340503,0.3378723212243289
545,CNCCNCCCCCCCC[N]NN[N],14.1068,6.5886397,0.5329458320685387
546,C=C1N=CN2C(=NN=NNN1)C2O,14.1068,3.6868455,0.7386476351121185
547,[NH]CCC1CC1C=O,14.1068,4.5647426,0.6764154475036841
548,COCCS,1.5321,7.768211,4.070302779132521
549,COCC1=CC2=NC=CN1C2O,1.5321,3.7485583,1.4466799052621715
550,[O]C1(SO)CCCCCCC1CCO,1.5321,5.1604404,2.3682138534993076
551,NCCNO,1.5321,8.527344,4.5657879707590885
552,CNOCC1[CH]CCC1,1.5321,7.4387226,3.855246139595087
553,[O][SH]1C(COO)COCC[SH]1CCO,1.5321,5.7550206,2.75629568464116
554,CCCCN1CCCN1,9.9295,8.2344885,0.17070461883844587
555,N#CCN(NCON)C(O)NON,9.9295,8.152236,0.17898826881492066
556,CCNN,9.9295,8.880793,0.10561532627042139
557,CNCC1CCO1,9.9295,8.70262,0.12355913665216739
558,CCCCC,9.9295,10.507843,0.05824492850376394
559,CCCCCCNC1CCO1,4.2489,8.825502,1.0771264081597314
560,CCCCOOCCCC1CCCCC1CSC,4.2489,7.2756763,0.712367024514054
561,[NH]SC(CNCCCO)CSCSSS,4.2489,4.124959,0.029170140035210377
562,CCC1=NC=C2C=C3C(C)C3C21C,4.2489,4.477176,0.05372595011005379
563,CC(O)CCON(CCNN)OON,3.0126,8.445285,1.803320999616552
564,C1CCC2NNN2C2(CC1)CO2,3.0126,7.8786697,1.6152392414424521
565,CCNCCCNC,3.0126,8.27867,1.7480151068758285
566,N#CC1CCCCCCC1N,5.825,8.390749,0.4404719274954734
567,CCOCOCCCNCC[N],5.825,7.526354,0.2920779117698833
568,[N][SH]1SSCS[CH][C]1N,5.825,3.8153007,0.34501275484142385
569,CC=C(C)C,13.8885,7.5221844,0.4583875600714086
570,CNCCOOCCCCCCCNN,13.8885,8.282497,0.4036434887852641
571,C#CCCCCCCCCC1C[SH]C1,8.5541,6.8991838,0.19346468358417743
572,NNNNO,8.5541,8.72985,0.020545681646070575
573,NNCNNN,13.7507,8.380787,0.39051925387420616
574,CNCCCCOO,13.7507,8.315282,0.39528301337524946
575,[C]C([C]CC=N)OCCC,13.7507,4.0497837,0.7054852693561027
576,OC1CCOCCC2OCCN2OS1,10.534,6.85682,0.3490772634795569
577,CCCCCCCNC,10.534,8.416384,0.20102679482759328
578,C[C]1CCC1CC#N,7.5182,6.9434986,0.07644135412064122
579,C[C]CCCCCCCCCCCOCOCC,7.5913,7.189601,0.05291571344578101
580,NOCOOCCOO.[N],7.5913,6.94694,0.08488138458222612
581,CCCNCCON,7.5913,8.6843195,0.14398317760525664
582,CCC=NCCNN,7.5913,6.5748463,0.13389718919023158
583,[NH]NNNNCCCC1C=C1C=O,3.2823,4.738003,0.44350083085019926
584,CC1NC1C1CCCOOC1,6.2675,8.361108,0.3340419347798819
585,CCCCCCCC#N,6.2675,9.521662,0.5192120875026488
586,CCCCCCSC,8.4506,7.724672,0.08590255831920515
587,CNNNNO,8.4506,9.046887,0.0705615456613866
588,OCCC1=CCC2CCC1CN2,8.4506,6.612011,0.21756905358074607
589,CC[PH]#N,8.4506,7.370913,0.12776453403106983
590,NC1OOC1OOO,13.1484,6.5805473,0.49951725436070765
591,CNCCO,13.1484,8.519507,0.3520498761718468
592,OPCCPP,13.1484,7.059758,0.4630709298210937
593,CCCCO,10.1638,9.686184,0.04699188006027675
594,CCCCCCCCCCCCCCCOCO,10.1638,9.158235,0.0989359691992718
595,CCCCCSC,12.635,7.901277,0.3746515975245667
596,N=NNNNN,13.8924,6.1625767,0.5564066197766376
597,COC1CCCCOCCS1,12.2403,7.322119,0.4018023058264559
598,NNN1NN=C2CC2CC12CO2,12.2403,7.153723,0.4155598504071368
599,CNOC1NNC(NN)N1,12.2403,8.140214,0.33496613919841595
600,CCOCOOCO,12.2403,9.133844,0.25378917382659316
601,CCCCOCCCCCNNNC(NOO)OO,1.9709,8.433441,3.2789797362166393
602,N#CCNO,1.9709,8.437099,3.2808358906018107
603,[NH]CC1CCCCC1COO,1.9709,4.9960513,1.5349085755202798
604,COOCC=O,1.9709,6.6226716,2.3602271064774945
605,CO[N],1.9709,8.015933,3.0671434556822765
606,[N]NNNNO,1.9709,7.2156267,2.66108210290414
607,NNCC1NNCCO1,5.1995,8.23355,0.5835272760296777
608,CNCNNNNC,5.1995,7.831646,0.5062305924754635
609,CSCCO,5.1995,7.774226,0.49518726582549644
610,C.OC1CO1,5.1995,9.207592,0.7708610463502351
611,NNCCCC1NOC1COO,3.1275,8.050231,1.5740147018127688
612,CC(O)C(O)NONC=O,3.1275,7.573371,1.4215414655580225
613,CC.OCCO,13.0107,9.381788,0.27891748685434453
614,C=CCNCCC,13.0107,6.961726,0.464923010394547
615,C1CC[SH](N2CNN[N]2)CCCNC1,13.0107,7.7450366,0.40471791663628676
616,CCONCOOC,13.0107,7.81179,0.3995872636006183
617,COCCN,13.0107,8.707514,0.33074209618205774
618,CNN[NH],11.885,7.9974704,0.3270954666490759
619,CCNNN[N],11.885,7.0429697,0.407406840246166
620,NN1OCCN2CCCCCC21,11.885,8.507976,0.2841417266884219
621,COOCOP(O)SC(C)(O)CCO,5.235,8.227096,0.5715559892918568
622,COCOOCCCC1CCCCC1,5.235,9.348018,0.7856767321042822
623,CN=NCN=O,8.5371,4.0107393,0.5301988583386571
624,[CH]C1CCCCC1CCCNOCCO,8.5371,4.990023,0.4154896702464636
625,CN1CCCN1CSCNNO[N]O,12.077,7.300194,0.3955292053803847
626,NCCNO,12.4974,8.527344,0.3176705754796998
627,CCCCCCOC1CCN(N)NN1,3.0869,8.265521,1.6776121835820765
628,CCCNNCCCOC(N)C=O,10.9602,7.9017477,0.279050774296797
629,C#CC1CCCCC(C)NNN1N,10.9602,7.0566096,0.35616050522940124
630,COCCOCCCCCCC(C)C[NH],12.0512,7.939918,0.3411512512256665
631,CNC(N)CN,12.0512,8.061851,0.33103337860208715
632,CSCSSCCCCCCC1CCSS1,12.0512,5.4695396,0.5461414927696839
633,[N][N]NNCC1NCCCC1CNN,0.6469,7.248998,10.205747665992602
634,CCCCOCCCCPO[PH](C)(C)CC,0.6469,8.772629,12.561027645972619
635,OCN1C(OOO)=CC=C2CCCON21,1.6078,3.6911077,1.295750559733154
636,COCCOCCCCCOCSCC(O)SC,1.6078,7.4461884,3.6312902412362353
637,O=[PH]1NOCOCCCCC2ONN21,1.6078,6.8138604,3.238002498079583
638,CCOCCCCCNCCCSCCCNO,1.6078,7.3227124,3.5544921143284216
639,[N]NCNNN,6.5263,7.0185633,0.07542761910559546
640,CSCCOCCCCC1CC[C]1S,3.3132,5.888633,0.7773248745481791
641,OC1CNCON1,3.3132,8.503399,1.5665214581865483
642,C#CCOCCCCSSC(CC=O)NO,3.3132,6.776308,1.0452457019474775
643,CC1CCC[SH]1CCC[SH](C)N,13.2093,5.7923,0.5614983213111824
644,CCCC1OC1CCC1NO1,13.2093,8.762716,0.33662523424140867
645,CSCC=O,13.2093,6.4873257,0.5088819492073796
646,CCC1OCCCC1CCC(C)OCCCO,13.2093,9.146646,0.30756016246436435
647,CC1COCCCNCNC(O)NO1,13.2093,8.269773,0.373943166587022
648,CCCNCCCO,10.7953,8.535251,0.20935493559629423
649,CCP(O)OPCOC(C)OO,10.7953,9.041776,0.16243404968549494
650,CNCCNN,10.6951,8.034219,0.24879442098278906
651,CC=CCCOC,10.6951,7.5983663,0.2895469644483395
652,CCCOOCCC,10.6951,8.831464,0.1742514035603465
653,CC(C)CCCNCCNSNN[C]O,11.5479,7.3610263,0.3625658096208958
654,COC(CC(O)O)NON,11.5479,8.268012,0.2840246238005209
655,NNONCCCNCCCONCCO,4.9612,8.032622,0.6190885949651916
656,CN1CNCN1,4.9612,8.353594,0.6837849363649814
657,CC1CCCCCCSC1,4.9612,7.478961,0.5074903230883178
658,CC(C=O)CN([O])OCCO,3.4292,6.173016,0.8001329964188675
659,CNCC1NN(N)N1NN,9.3952,7.42286,0.20993058736707607
660,CCCCNNCC,6.2172,8.200854,0.3190591104440321
661,CCCCCCC,6.2172,9.991948,0.6071460026614203
662,O=CCOOCCO,14.0517,7.5647154,0.46165123184831647
663,CCCC1CN=NC=CN=NC(CC)C1O,14.0517,3.5516272,0.7472457311842231
664,CCOC1=NNCCCCCCCC1,14.0517,7.287638,0.4813696430034482
665,N#CCC1CCCCOC2SC2C1,9.6368,7.5380616,0.21778374369033993
666,NNCNN,9.6368,8.405294,0.12779196223487446
667,C#CCCCCCCCCCCCCCCCCC,9.6368,9.333801,0.03144184070114033
668,CSCOCCSCOCCN(O)SCN,9.6368,6.7296004,0.3016768606243864
669,NCCCOCCNO,9.6368,8.35295,0.13322367423518472
670,[N]N[N]CCCCCC1CC1,5.8035,5.6804037,0.021210698817675296
671,CCCONCCCCCSC[CH][NH],5.8035,7.017322,0.20915345282089176
672,COCCCCO,5.8035,9.42799,0.6245351873381231
673,CN(C)C,12.8268,8.320657,0.3513068905394781
674,C=CCC,12.8268,8.1164465,0.3672274850269629
675,N#CC1CCCCC1CNN[N]NO,5.7119,6.3414774,0.11022206167895165
676,COCCO,5.7119,9.340503,0.6352707048359805
677,[NH]CC1CC1C1N[N]N1NN,2.6746,6.1198473,1.2881355334137656
678,CCCONCCOC,2.6746,9.056521,2.3861218184814366
679,N#CC1CCCCSCC12CS[N]2,11.7249,5.0883207,0.5660243812640876
680,N(OC1OO1)C1Nn2[nH]n21,11.7249,9.259579,0.21026373744475566
681,CC1CCCC2COC[SH2]C12,11.7249,5.7528224,0.5093499817363556
682,CCCCOO,11.7249,8.493859,0.27557085424381783
683,CSCCO,11.7249,7.774226,0.33694733527282383
684,CCCCCCC.CCCCCCOOCCCC,11.7249,9.014422,0.23117276764091704
685,CCCOOCCCCCCCCCC1CCCC1,7.0831,8.9810915,0.26796056801804485
686,C.O=CCS,7.0831,6.622968,0.06496192389364876
687,CNCC=O,7.0831,7.932237,0.11988213469877768
688,COCC1CCCC[CH]CCSCCCC1,7.0831,6.6125383,0.06643442310464068
689,[C]1C[CH]COCCCOS1,3.8922,5.697936,0.4639371198922033
690,CCCCOCCCCCCCCCC([O])=O,3.8922,4.6916795,0.20540554896758917
691,CCN([CH]NNCSC)NN,3.8922,7.2773876,0.8697362979853437
692,[CH2]SCCCCCCCOCCOC,3.8922,4.229683,0.08670749765255675
693,CONCON,10.386,8.8270645,0.15009970015788976
694,CCCNCC#N,3.6938,8.293216,1.2451718424516622
695,CCCCO,11.8537,9.686184,0.1828556543996086
696,CN.OCCSNO,11.435,7.347049,0.35749460111083453
697,COCOOCCOO,11.435,7.2915993,0.3623437451961836
