SMILES,des_gap,pred_gap,Err_pred_des,AE
O=C1C=CC=CC=CC2=CC=CC2=S2C=CC=CC2=C1,1.2181,1.9205086,0.576642804367458,0.6024086
O=c1ccsccnc2scc-2cc1,1.4579,2.8253121,0.937932711434255,1.3674121
CCNc1cccccccc2cccc-2n1,1.4918,3.0057142,1.01482383697547,1.5139142
SC=CC1=c2[nH]sc2=CC=CC=CC=CC=CSC=C1,1.776,2.1174276,0.19224527027027,0.3414276
C=CN1C(OC)=NC1=S=[SH]C,1.8268,2.301035,0.259598751915919,0.474235
NC1C=CC=CC=NC2=NC=C2C=C=NN1,1.842,2.3650734,0.283970358306189,0.5230734
O=C[C]1CC2=C=CC=CC=C2C=C2C=CC2=N1,1.8495,2.2905443,0.238466774804001,0.4410443
C=C1C=CC(C#N)=CC=C=C=CC=NN1,1.8695,2.2419078,0.199201818668093,0.3724078
NCCc1cccc2c([nH][nH]c1=O)=CC=CC=CC=2,1.9026,2.3813925,0.251651687164932,0.4787925
N=NCC1=C=CC=CC=CC1=N,1.962,2.4605603,0.254108205912334,0.4985603
C1=CC=NC=C2C=CC=C2C=CC=NCN[N]C=C1,1.9995,2.4556696,0.228141835458865,0.4561696
N=C1C=CC=C2C=CC=CC=S2S1,2.0091,2.3568928,0.173108755164004,0.3477928
O=C=NCC=CC=CC=CCNC1=CC(=O)C=C1,2.09,2.9362168,0.404888421052632,0.8462168
O=[SH]C1=CC=CC=CC=CC=NC=CC=CC=C1,2.095,1.9214342,0.0828476372315037,0.1735658
NNC1=C[C]2C=CC=CC=C2N=N1,2.0956,2.448596,0.168446268371827,0.352996
COCN=c1cncccc2ncn1-2,2.1066,2.4543104,0.165057628405962,0.3477104
CCC1=CC=CC=CC=CC=C2C=CC=CN21,2.2,2.367871,0.0763049999999999,0.167871
NC1=CC=CC=CC=NN=C2C=C1C=N2,2.2105,2.3776267,0.0756058357837593,0.1671267
N=C1C=CC=CC=CC=CNSCSC1,2.2841,2.2831516,0.000415218247887553,0.00094839999999996
CC1=CN=CC=CC=C(N)C1(N)C#[SH],2.3066,2.4506965,0.0624713864562559,0.1440965
[CH]1C2=CC=CC=NC=CN=CC=C12,2.4029,2.0392482,0.151338715718507,0.3636518
O=C1C=CN2C=CC=CC2=CN=CC=CS1,2.4169,2.3515332,0.0270457197236129,0.0653668000000001
NSCC=CS1=CC=CC=C1SCC#[SH],2.4193,2.4464207,0.0112101434299178,0.0271207000000002
NSCC=CS1=CC=CC=C1SCC#[SH],2.4193,2.4464207,0.0112101434299178,0.0271207000000002
S=C1C=CC=CSC=NC=CS1,2.4193,2.1776614,0.0998795519365105,0.2416386
S=C1C=CC=CSC=NC=CS1,2.4193,2.1776614,0.0998795519365105,0.2416386
S=C1C=CC=CN=CN=NN=CC=C1CS,2.4548,2.4449055,0.00403067459670855,0.00989450000000014
C=C=C([N]CCNC)P(C)COO,2.4744,4.8700347,0.968167919495635,2.3956347
CC1[C][N]CC2CCCSC2=CC=C1,2.4999,3.3798397,0.351989959598384,0.8799397
O=C1C=CC=CC2=CN=CC2=CC2=CC=CC=CC2=CC=C1,2.5026,2.087901,0.165707264444977,0.414699
Nc1ccn2c1C=CC=CC=CC=CC=C2,2.5288,2.1772447,0.139020602657387,0.3515553
CC(C)C1=CNC=CC=C2C=CC=C2N2C=CCNN=C12,2.562,2.486954,0.0292919594067135,0.0750459999999999
O=C1CCC=CC=CC=CC=CC=CC=CN=CC=C2C=CC=C12,2.5902,2.3564532,0.0902427611767431,0.2337468
CSNC1=CC=CC2=CC=CN=NSS[SH]21,2.5944,1.8802221,0.275276711378353,0.7141779
OC[SH]=CC1C=C(C=CC=S)C1,2.6276,2.9540524,0.124239762520932,0.3264524
CSC1=CC=CC=CC=C1SCSC=N,2.6386,2.7124429,0.0279856363222922,0.0738429000000003
COC1=C2C=CC=C=C=CC=CN=C2C=C1,2.6442,2.427999,0.0817642387111415,0.216201
O=CC[C]Nc1ccc2cccccc1-2,2.6505,2.496972,0.0579241652518393,0.153528
CCCCCC=CC(N)=CC[SH]=CC=CC=O,2.7009,3.1465955,0.165017401606872,0.4456955
[CH]C1SC=CC2=CC2=CN=CC=C1C,2.7196,2.2816677,0.161028202676864,0.4379323
[CH]C1SC=CC2=CC2=CN=CC=C1C,2.7196,2.2816677,0.161028202676864,0.4379323
N=C1C=CC=CC1(S)SSS,2.7271,2.990769,0.0966847567012576,0.263669
O=CC1=C(C2=NC=C2)SC=CC=C1,2.7291,2.1774123,0.202150049466857,0.5516877
CON1C=NC=C2C=CC(=N)C=C2CC1,2.7472,2.4623866,0.103674068142108,0.2848134
[c]1c2cccc1-c1ccccc1C=N2,2.7479,3.220069,0.171829033079806,0.472169
N=c1ccc2c(cc1)=CC=CC=CC=2,2.7646,2.3694482,0.142932720827606,0.3951518
Oc1ncc2c(cccnc[nH]o1)C=C2,2.7697,3.521774,0.271536267465791,0.752074
CSc1cc2c(s1)C=CC=CSC=CC=C2,2.7732,2.4972386,0.0995100966392615,0.2759614
C=C1C=CC=CC=c2ncccc2=C1,2.7923,2.6103327,0.0651675321419619,0.1819673
C1=CC=c2c3cccc2=CC=CC3=C1,2.8351,2.2710605,0.198948714331064,0.5640395
N=C=[SH]C1=c2ccccccoc2=C=C1,2.8447,2.1524634,0.243342566878757,0.6922366
Cn1cnccc2ccssc=2c1=S,2.8538,2.0526063,0.280746268133716,0.8011937
C=C1C=C2SC=CC=CC2=CC=CN=CS1,2.8674,2.3311021,0.187032817186301,0.5362979
C=CC1=CC=C(CC)C(C)=COC=CC=C1,2.8684,3.0492039,0.0630330149212106,0.1808039
CCCC=C1C=CC=C2C=CC=CSSNN=C1S2,2.8739,2.6443565,0.0798717770277322,0.2295435
C=NCC(C)=NN=C(C)C(=O)OCC,2.8739,3.3303437,0.158823793451407,0.4564437
CC1=C2C=CC=C2C(=O)NC=Cc2ccccc21,2.8749,3.3041089,0.149295245052002,0.4292089
OCC=CC1=CN=CC2=CC2=CC=CN1,2.888,2.4826117,0.140369909972299,0.4053883
COc1=c-o-c2ccc-2-c=c-c=n-c2cc-1n2,2.8891,2.2299771,0.22814125506213,0.6591229
O=C[C]=C=CC=[SH]C1OCC1=O,2.9084,2.4488204,0.158018016778985,0.4595796
C=C1C=c2ccc3ccc-3sc2=C1,2.9464,2.42344,0.177491175672007,0.52296
C=C1C=c2ccc3ccc-3sc2=C1,2.9464,2.42344,0.177491175672007,0.52296
C=C1CC=CC=CC=CC=CC=CCC1,2.9883,3.2197678,0.0774580196098116,0.2314678
CC(NN(S)S(=S)N=CO)C1C=CC1,2.9883,3.5430837,0.185651942576047,0.5547837
Cc1cc2cccsc-2cccsccs1,3.0598,3.4102197,0.114523727040983,0.3504197
COC1=NC=c2c(=N)ccsc2=CC=C1,3.0604,2.542329,0.169282119984316,0.518071
O=CC1C=CC=CC=NC=CC=CN=CC=C1,3.0604,2.4943101,0.184972519932035,0.5660899
O=CC1C=CC=CC=NC=CC=CN=CC=C1,3.0604,2.4943101,0.184972519932035,0.5660899
CC1C=CN=CC(=O)C=CC=CNO1,2.0627,2.968,0.438890774227954,0.0947
CCCC1=CC=C(CS)SC=C1,2.073,3.502519,0.689589483839846,0.429519
CC1=CC2=CC=CC=Cc3coc(=O)cc3C2=C1,3.0936,2.733224,0.116490819756918,0.360376
CC1(C)C=C(C=S)C(S)=CS1,3.0998,2.2916603,0.260707045615846,0.8081397
O=C1C=CN=CC=C(O)N=NN=NC=C1,3.1127,2.2095418,0.290152664889003,0.9031582
OC1CC1=CCC[SH]1C=C=[SH]1,3.1564,2.6351168,0.165151184894183,0.5212832
O=c1cccc([SH](=O)=S)cn1,3.157,2.3537538,0.254433386126069,0.8032462
CC=C1C=CC(CC)=C(CS)C=C1,3.1987,3.770505,0.178761684434301,0.571805
NN1C=CC=CN=C2N=CC=NN2C=C1,3.2377,2.3228714,0.28255508540013,0.9148286
O=C1C=CC2=CCN2C2CCC1S2,3.2501,3.7033427,0.139455001384573,0.4532427
NC1=NN2C=CC=CC2=CSC=CNCC1=O,3.2776,2.4800718,0.243326885525995,0.7975282
O=c1ccccc2c(cccc1)=CC=CC=CC=2,3.2839,2.129351,0.351578610798136,1.154549
C=C(O)CCSC1[SH]=CCC(CC)=CC1SC,3.318,3.4965565,0.0538144966847498,0.1785565
CC1=CC=CC(N)=C2C=CC=CC(N)=CC12N,3.3231,3.076171,0.0743068219433662,0.246929
CN(C)CC1=C(CCN=N)SC=CN=N1,3.3693,3.678713,0.0918330216959013,0.309413
CON1NSC=CCC=C1O,3.3909,3.960845,0.168080745524787,0.569945
CCN=CCC(=CCC=NN)CCO,3.4055,3.8550127,0.131996094552929,0.4495127
C=C=C1C=CC=C(CSCC)N=NC=NC=C1,3.4055,2.5797613,0.242472089267362,0.8257387
CN1CC(C2=C=CN=CC=C3C=CC=CC(=C2)C=C3)C1,3.4629,3.439266,0.00682491553322358,0.0236339999999999
N=C1C=CC=CC2(CC2)NC=C1,3.4629,3.3220239,0.0406815385948193,0.1408761
OOc1cc2cccccccccnc1-2,3.469,2.4472406,0.294540040357452,1.0217594
CC(=O)NCCC1C=C(O)C2=C(O2)C1=O,2.4694,4.2473483,0.719992022353608,0.7779483
CCNCC1=CSC=Cc2c[nH]cccccc21,3.4962,2.4499366,0.299257307934329,1.0462634
N=C1CCN[CH]C2CCC=CC12,3.534,3.2756383,0.073107441992077,0.2583617
C=C1C=CC=C(C(=C)CC(=CNO)CNO)N1,3.5751,4.0262733,0.126198791642192,0.4511733
CC(C)NC1Sc2c(csc2N)N=C1CO,3.6056,3.9543393,0.0967215719991125,0.3487393
COc1ccc(O)c2c3ccc(c1-3)CC2,3.6632,3.6951437,0.00872016269927939,0.0319437000000002
C=C1C=CC=CC=CNCCCCNN1,3.6689,3.8241105,0.0423043691569681,0.1552105
CC1[C]NCCCCNN[C]CC=NN(C)CCCC1,3.6723,4.050812,0.103072189091305,0.378512
C1=CC=NC(Nc2ccccc2)=CC=C1,3.6871,3.1604621,0.142832551327602,0.5266379
C=C1OC=CC=CC=CC(COC)=C1C,3.7507,3.8986917,0.0394570880102381,0.1479917
C=C(CC=S)[SH]1CCN(C)C1,3.7719,4.0664988,0.0781035552374134,0.2945988
C=C(CCC)C(CC)C(=S)S,3.782,4.0222416,0.0635223691168694,0.2402416
CC1CCNN2C=C2C1C1=CS1,3.7939,4.437434,0.169623342734389,0.643534
CC=C1C=C=CC=CC=C1C(=O)O,3.7981,3.657597,0.0369929701692951,0.140503
O=C1CCCCN=C=C2C=C12,3.8176,3.9959424,0.0467158424140822,0.1783424
CN(C)CC(C=O)CSCCP=O,3.8216,5.119889,0.339723937617752,1.298289
CCNC1NC1C1CCC=CCNCC1,3.8512,6.536631,0.697297206065642,2.685431
Cc1ccccnccccncccc[nH]n1,3.9241,3.9918382,0.0172620983155373,0.0677382
O=C1C=CN2C=C=C=CCC2CC1,3.9289,3.80298,0.0320496831174121,0.12592
C=C1CCCC(C)=CC(C)=CN=C1CCC,3.9333,3.8608656,0.0184156814888262,0.0724344000000001
C=CCNN1C=CC=C(O)NC1CNOC,3.949,4.552526,0.15283008356546,0.603526
CC1=CNCCCOC(CO)CN=S([N]O)O1,3.9638,3.8823528,0.0205477572026843,0.0814471999999999
CC1=C2CC=C=CNC=CC(=C=C1)C2,3.9638,3.8314517,0.033389247691609,0.1323483
CCC(C)NCC1(C)CCC1CCCC#N,3.9851,7.076362,0.775705001129206,3.091262
CC(C)c1c(CS)cccc1SN,3.9952,4.6482997,0.16347109030837,0.6530997
O=C1C=C2C=C1C1CCCC1C2,3.0031,4.367683,0.454391462155773,0.364583000000001
C=C(OCC)c1coc(=O)cc1C,4.0184,4.690561,0.167270804300219,0.672161
CC1CC=C(CC=O)CC1CC=N,4.0282,4.612246,0.144989325256939,0.584046
COc1ccccccccc(=O)c1,4.0284,4.188641,0.0397778274252803,0.160240999999999
CCSCc1ccc(CC)ccscc1C,4.0326,4.7749934,0.184097951693696,0.742393399999999
O=CCc1ccccccccccco1,4.0765,4.283382,0.0507499080093216,0.206881999999999
CON[PH]([PH](=O)CO)=[SH](=O)S,4.0953,4.06036,0.00853173149708196,0.0349399999999997
CC1CCCCC2=CSC=CNSN21,4.0953,4.572816,0.116600981613069,0.477516000000001
O=C1CCC(O)C=C2OC2CNCN1,4.122,4.877204,0.18321300339641,0.755204
COCC=C1C=C1CC1C=CC(=N)CS1,4.1546,4.0488567,0.0254521012853224,0.1057433
C1=CC=CC=CC=CCCCC=CC=CC=C1,4.1659,3.44707,0.172550949374685,0.71883
C1=CCC=CCCCC=CCCCC=C1,4.1681,4.9991984,0.199395024111706,0.8310984
C=CCCNC=CCSC(=C)NC=NO,4.1707,4.2423334,0.0171753902222648,0.0716333999999996
C=CNCC(OO)=C(C)CNSC,4.2316,4.646054,0.0979426221760091,0.414454
CCOC1=CNCC=C=CCCC(C)=C1O,4.2316,4.7729406,0.127928112297949,0.5413406
COC1=C(O)C23C=C2C=CCCC(O)C13O,4.2624,3.744156,0.121585022522523,0.518244000000001
CC(C)CC#CC1=NCC=CC=C1,4.3253,4.072877,0.0583596513536634,0.252423
CNC1=C(C)C2=C=CC=CC(=CC3CC=CC3=N2)C1,4.3288,2.6195095,0.394864743115875,1.7092905
CN1C[N]SC=C1SNNCO,4.3657,3.8136687,0.126447373846119,0.5520313
CCNC(=O)N(C)NONNOO,4.3826,6.077038,0.386628485373979,1.694438
CCC(=CCCO)c1cccc(C)c1CC,4.3826,5.6717243,0.294146009218272,1.2891243
C#CC1C(C(N)CNO)=CC=CN=C1C(N)C=C,4.3875,4.096159,0.0664025071225071,0.291341
C=CCC1=CCC(OC)C=CC1,4.3875,4.856336,0.106857207977208,0.468836
C1=CC2=CCC=C2C2=C(CC2)NC1,4.3875,3.7604604,0.142915008547009,0.6270396
COC1=c2ncccc2=CCN1CCCO,4.3927,4.027194,0.0832075944180117,0.365506
CCC1=CC=C2C=CC=C1CCC1CCCCCC=C1N2,4.4224,3.802557,0.140159867945007,0.619843
CCCC1=CC(OC)=C(C)C=CC(C)C1,4.4248,4.2572675,0.0378621632616164,0.1675325
CC1=CC=CC1C=NOC=NN1CN1,4.4397,4.0095477,0.0968876951145349,0.430152300000001
CC1[SH](NNC(S)C=O)C1(O)C=CC=O,4.4419,4.59717,0.0349557621738445,0.15527
CCC=C=CC=CSC,4.4524,4.2334876,0.0491672805677836,0.2189124
CC(O)SCSS[O],4.4533,4.7377815,0.0638810544989109,0.2844815
O=C(C=CCCOO)C1CCC1=O,4.4576,4.13642,0.0720522254127782,0.32118
O=C(O)n1ccc(=O)c2c1CC=CC2,4.4801,4.9019437,0.0941594384053928,0.4218437
OCCCCCCC=NNNCC=C=NOO,4.486,4.7599907,0.0610768390548374,0.273990700000001
CC=CC1CC=C1C1C=CC=C1,4.5117,5.0208354,0.112847795731099,0.5091354
C=C1C(=NC)C(CS)CSCC1C,4.5178,4.9267473,0.0905191243525609,0.408947299999999
CCOCCC=CNCCC=CC1C=CC=CC=C1,4.519,4.0461316,0.104640053109095,0.4728684
CCC(OCOC)C1=C(C)c2ccncc21,4.5269,4.9815283,0.100428173805474,0.4546283
CCC1=CC=CC=CSC=C=CC=C1,4.5639,3.530383,0.226454786476478,1.033517
CC=CNSCCS(COCCC)=[SH]P=O,4.5711,4.2897654,0.0615463673951565,0.2813346
CCC1=CC2(C1)CC2C1=CC=CC=CC1,4.5961,4.0085425,0.127838275929592,0.5875575
CCCC1CC2=CC=CC=C1CCCN2CCC,4.5961,3.9487295,0.14085213550619,0.6473705
CCC1CCC=CC2=C(C=C2)N1C,4.5978,4.762956,0.0359206577058592,0.165156
CC1=C=CC=C1OCCSCCCCN,4.6255,4.523438,0.0220650740460491,0.102062
C=C=CC1=COCC(=O)CCOCC1,4.6275,4.6939507,0.0143599567801188,0.0664506999999999
O=C(S)CSC1SC1C1CCC1,4.6343,5.8151326,0.254802796538852,1.1808326
CCC1(CS)CCOCC(C)C1=O,4.6343,5.50848,0.188632587445785,0.87418
COC1CCC=CC(C=C(NO)C(C)N)=CCC1,4.6343,3.8516667,0.16887842824159,0.7826333
N#CCSc1cccccccccnccc1,4.661,3.9856112,0.144902124007724,0.675388799999999
C=C(C)C=C=C1CN(CCSC)C1C,4.661,4.842265,0.0388897232353574,0.181265000000001
[CH]N=CN1C(=O)C1C,4.6822,4.346831,0.071626372218188,0.335369
CNNCC1=CNC(=O)CN=CC1,4.6886,4.454086,0.0500179157957599,0.234514
C=CN(C)C[SH](COC)C1C=CC=C1,4.695,4.098742,0.126998509052183,0.596258000000001
C=C(C)CC=C1SC2=CC=C(CC1C)C2CCC,4.6954,3.7355754,0.204418068748136,0.9598246
CCCCCCCC=CC1=CCCC=C1,4.71,4.5460377,0.0348115286624203,0.1639623
CSc1cc1=[SH]CCCCO,4.7129,4.3127685,0.0849013346347261,0.400131500000001
CCC1C=CCC(CCCC=O)C2C(C)C(O)C12,4.715,4.749574,0.00733276776246026,0.0345740000000001
CCC1=CC=CC=CC=CCCC=CC=CC=C1,4.7191,2.885745,0.38849674726113,1.833355
CCNCCC1CC=C(CNC)C1,4.7301,6.814562,0.440680323883216,2.084462
CC(N)C1=CC=C(C(=O)OO)C(C)C1,4.7387,4.2028313,0.113083482811742,0.5358687
C=C(C)C1C=CC=C(CC)N1,4.8,4.518285,0.058690625,0.281715
O=C1C=CCC(CNOO)CC=CCO1,4.801,4.9635363,0.033854676109144,0.1625363
CC(S)CC1(C)C=CC2SCC21,4.8066,4.970793,0.0341599051304455,0.164192999999999
CCC1=CCCCC(CC(C)CO)CC1,4.8214,7.1185274,0.476444061890737,2.2971274
C=CC(C)C(CCC)OCCCO,4.8583,7.3548126,0.513865467344544,2.4965126
CCC1CCC=CC(C)(C)CC1(C)N,4.8965,6.7774515,0.384142040232819,1.8809515
CC1CC1C[SH]1CC(NCCO)S1,4.9066,5.280274,0.076157420617128,0.373674
CCN1CC2CC(=COOO)C3=CN(C2)C3(C)C1,4.9632,4.9207172,0.00855955834945182,0.0424827999999993
O=C1SC=C2N=CCC1N1CCN21,4.9632,4.3140297,0.130796723887814,0.6491703
N=CCNNCCSCC1SCC1O,5.0107,5.723264,0.142208473865927,0.712564
CN1N=CCCCc2c1coc2S,5.0178,3.8789542,0.226961178205588,1.1388458
O=CC1C(=O)OC(CCO)C=C1CO,5.052,5.607836,0.110022961203484,0.555836
CCC1=C=CN=C(C(CCCC(C)N)COO)C1,5.052,4.406426,0.127785827395091,0.645574
CCCCCNCC=CCCNCC(N)S,5.0563,5.520609,0.0918278187607539,0.464309
C=C1CCC2COC1=CC=C2CCC,5.0602,4.7422795,0.0628276550333978,0.3179205
C=C(C)N(CCOC)c1ccccc1,5.0633,5.9406047,0.173267375032094,0.8773047
CC1=COOCCC(C)CC(C)CC=C1N,5.0633,4.1241446,0.185482866904983,0.9391554
NC1=COOCOC(OCC=O)N1O,5.0657,6.1326213,0.210616755828415,1.0669213
C=CCCC(C)=C(O)CO,5.0735,6.21289,0.224576722183897,1.13939
C.C=C(O)CC(=C)C(C)CC,5.0742,5.735248,0.13027629971227,0.661048
CCC(=O)CC=C(C)CC(O)CCCCN,5.0763,5.4582205,0.0752359986604418,0.381920500000001
Cc1cc2ccncccccc2cn1,5.0763,4.306903,0.151566495281997,0.769397
NCC1=NC(CN)CCCC(O)CC1,5.0763,5.9010963,0.162479817977661,0.8247963
CCC1C=CC=CC=C(C)CC(O)C1,5.0763,3.9061685,0.230508736678289,1.1701315
C1=NCN2COCCCCCC(C2)NN1,5.0783,6.453611,0.27082114093299,1.375311
CCOC(C)=CCS[SH](C)C(C)=O,5.0798,4.069078,0.198968857041616,1.010722
CCCC1[N]C2N=C[C](N)N12,5.0815,4.8905087,0.0375856144839123,0.1909913
CCC1CCCCCC[SH](NCCSS)C1,5.1231,5.5129123,0.0760891452440905,0.3898123
C=NCONNC(N)=C1ONNC1C,5.1454,6.019447,0.169869592257162,0.874047
CC1CC(CCCC(=N)O)C1O,5.1489,7.4028974,0.437762900813766,2.2539974
CNNC(=O)C=CC=CC(C)NC,5.1489,3.758047,0.270126240556235,1.390853
OCC=CC=CCCN1CCCCC=NN1,5.152,4.46093,0.134136257763975,0.69107
CCC(CC)CCCC1=CC=CCCN1,5.1605,4.6035795,0.107919872105416,0.5569205
CC1=CC=CC2(CNC2=O)N(C)C1,5.1695,5.318562,0.0288348969919721,0.149062
N=CC#CCC(S)Cc1ccccc1,5.1695,4.321826,0.163976013154077,0.847674000000001
OCC1CCC=C2SC=CC=C2CCCCCC1,5.1726,4.628329,0.105221938676874,0.544271
C=CC(N)(N)C1CCC=C(CC)CC1,5.1726,5.88318,0.137373854541237,0.71058
CC(O)COC1C=CC(O)C(=O)COC1,5.174,5.9620676,0.152313026671821,0.7880676
CC(=C=CO)CCCCCCC=O,5.1781,4.8758235,0.0583759487070546,0.3022765
CC1C=CC=CN(C=O)CC2=C=CC2C(=O)C1,5.1781,3.6481125,0.295472760278867,1.5299875
NCCNCC1N=C2C=CC=CC=C21,5.1907,3.924266,0.243981351262835,1.266434
C=CCCC[SH]1CCCCCC1CC,5.1936,5.383629,0.0365890711645102,0.190029
CCCC(CN)N(CNCC=CC=O)COC(N)COCOC,5.1942,5.325021,0.0251859766662815,0.130820999999999
CCC1=CCCC(C)C2CC1=CC=CC2CC=O,5.1979,4.607436,0.113596644798861,0.590464
O=C=C=C1CC12CC=CCC=N2,5.3047,3.8063686,0.282453560050521,1.4983314
OCCNSC1CC=CC=CNCC1,5.3401,5.076118,0.0494339057321023,0.263981999999999
CCCOCCC(=N)OC1=C(O)C(OC)C1N,5.3647,5.975795,0.113910377094712,0.611095
C=CCCC(=N)C(O)CCC1=CC=C1,5.3689,3.7702098,0.297768667697294,1.5986902
CCCCC1=C2CC(OC)=CC=CC=C12,5.3695,4.3023996,0.198733662352174,1.0671004
CN(N)C=C1CC(S)CC1CCO,5.3699,5.2156343,0.0287278534050915,0.154265700000001
CCOCC1OC=CC=CC=C(O)ON1CO,5.3711,5.361964,0.00170095511161583,0.00913599999999981
COC1=CN(CC2CC(C)C2)C(C)C1,5.3713,6.1082253,0.137196823860146,0.7369253
CC=CCCCCCCCOC(CCC)CCO,5.3713,6.933063,0.290760709697838,1.561763
CCCCN1CC=C(CN)OC1C,5.3715,6.7854524,0.263232318719166,1.4139524
CCCC1=CC=CC1(N)C(O)OCOC,5.3716,5.6330853,0.0486792203440316,0.2614853
CNC1=CCNNC=CC=CCN(C)N=C1,5.3716,3.856814,0.281999031945789,1.514786
NCCC1=C2CNC(=O)OCCC1C2,5.3749,5.592407,0.04046717148226,0.217506999999999
CCC(CCCOC=O)C1C=C(C(C=O)CO)C1,5.3749,4.7302556,0.11993607322927,0.644644400000001
C=NCN=CSC(C)CCNCNN,5.4033,4.830998,0.105917124720078,0.572302
C=CCNCCCCC1=CC(=O)C(C)CC1,5.4036,4.930735,0.0875092530905322,0.472865
CCCCC=C=CCC(C)CCCCCC,5.4036,6.6302853,0.227012602709305,1.2266853
C1=CC=C(C2CCCC2)CCCC=C1,5.4051,5.040213,0.0675079091968697,0.364887
CCC(N)C=CC1CC2=CC=CCC2C1,5.4082,4.6004767,0.14935159572501,0.8077233
CCC[SH](C(C)=O)C(C)CSCS,5.4082,4.458621,0.175581339447506,0.949579
CCCCC#CCCC(N)=C(C)CO,5.4109,6.2839665,0.161353286883883,0.8730665
CCC(C)CCC=C(O)C(C)=N,5.413,5.5177693,0.0193551265472012,0.1047693
CCCCCC(NCC)C(C)CNNO,5.413,6.542676,0.208696840938481,1.129676
CC1CCC(N2NC2=O)CNC(CCN)C(=O)C1,5.4133,6.068698,0.121071804629339,0.655398000000001
CC1N(CC(C)(C)C)CCC1(N)N,5.4133,7.0262737,0.297964956680768,1.6129737
CCC(=O)C1SCC1C=CC#N,5.4192,4.798812,0.114479627989371,0.620388
CC1C=CCCCC2CC=C1N(C)C2,5.4242,5.5076017,0.0153758526603002,0.0834017000000005
CCCCC1=C2C=C2CCCCC=C1,5.4242,4.8359857,0.10844259061244,0.5882143
CCC1CCCOCOOC1C1CONN1,5.4242,6.9730606,0.285546366284429,1.5488606
C=C(CCNN)N=C1CC(OC)C(N)NN1,5.4269,5.7328544,0.0563773793510107,0.3059544
COCC(NN=NNNCN=O)C(C)OCO,5.4269,5.01818,0.0753137150122537,0.40872
O=CCSc1nnccc1-c1ccns1,5.4369,4.071106,0.251208225275433,1.365794
COC=C(CCO)CC(C)CCCCO,5.4369,6.8318305,0.256567253398076,1.3949305
COCC1CCC(OO)CC(C=C=O)C(=O)O1,5.4401,5.7091866,0.0494635392731751,0.2690866
CC1=CCCCCCCCc2ccccc2C=C1C,5.4437,4.3222966,0.206000220438305,1.1214034
CC1=C(C(N)N)C(C)CCC(C)CC(C)CC1,5.4535,7.009725,0.28536261116714,1.556225
C=NC(CCNC)C1CCCCC=CN1,5.4603,5.1798058,0.0513697415892901,0.280494200000001
O=C(O)C1C(=O)CCC=C1CO,5.4894,5.382221,0.0195247203701679,0.107178999999999
C=CCCOCCC(C=O)COC1=CCC1,5.4904,6.1464615,0.119492477779397,0.6560615
CC1CCCC2CCCCC2CCC2CC1CC2=O,5.4947,7.0207696,0.277734835386827,1.5260696
CCCCC1C=CC2=CC(OC)=C21,5.5104,4.9165173,0.107774880226481,0.5938827
CCCC12C=CC1=CCC(C)C2,5.5805,5.5060124,0.0133478362153928,0.0744875999999994
C1=CCCNCC=CC2=CC(=C1)NC2,5.5805,4.313529,0.227035391093988,1.266971
COC1(C=O)CC2CCCC1CC2(C)O,5.5819,6.633213,0.188343216467511,1.051313
CC(O)CC(C)CC=CNC(N)=O,5.5878,5.4762325,0.0199662657933354,0.1115675
C=CC(O)C1CSCCS1,5.5907,5.524375,0.0118634518038886,0.066325
C=COC1=C(CS)N(C=O)C1,5.6068,5.3283086,0.0496702932153813,0.2784914
CC(=N)CNC(C)COOCC=O,5.6068,6.0426903,0.077743151173575,0.435890300000001
COCC1=COC=CC=COC(OC)C1C,5.6068,4.571769,0.184602803738318,1.035031
CSCC(OO)C1C2=CC1=NCC2,5.6164,4.600044,0.180962182180756,1.016356
COCCN(O)NC(C)C(C)CC(C)OCN=O,5.6164,7.057551,0.256596930418061,1.441151
CCOCCOCCC1=C(COO)C1,5.6196,6.8640027,0.221439728806321,1.2444027
C#CCSCC(C)(OCOC)C(C)C,5.6196,7.0807695,0.26001307922272,1.4611695
CCCCC1CSCOSCN=C(CN)C1,5.624,6.156645,0.0947092816500712,0.532645000000001
CCCCCCCCOC1(C)C=CC1,5.624,6.8419237,0.216558268136558,1.2179237
CC(O)=C(CC=O)C(NO)OO,5.6244,5.0144773,0.108442269397625,0.609922699999999
CC(=N)CCC1=CC=NC=CC1(C)CCO,5.6244,4.011689,0.286734762819145,1.612711
C=CCC1=CCCC=CC=CC(C)C1,5.6248,4.89925,0.12899125302233,0.725549999999999
C=COCC=CCC(O)(CCC)COCC,5.6249,6.5818853,0.170133744599904,0.9569853
CCNC1CC=NN(C)C=CC(N)=N1,5.6249,4.4831486,0.202981635229071,1.1417514
CC(=O)C(C)CCC(C)=CCN,5.6303,5.4888535,0.0251223735857769,0.1414465
COC1CCC(C)C(C)=CCNCCO1,5.6303,7.1751204,0.27437621441131,1.5448204
C=CC=C(C)POC[PH](=O)CC=C,5.6325,4.0163097,0.286940133155792,1.6161903
COC1(C)CCC(C)C(C(C)SC)CC1,5.6419,7.068973,0.25294191673018,1.427073
CCSC(C)C1CCC=NCCC1C,5.6464,6.066708,0.0744382261263815,0.420308
C=CCC1=CCC(CC)C(C)CC1,5.6465,5.9622445,0.0559186221553175,0.3157445
CC(CO)OC(N)=C(O)NCC=O,5.6526,6.23356,0.10277748292821,0.58096
C=CCNCC(=O)C=CNSCCN,5.6556,4.4727664,0.209143786689299,1.1828336
CCC1CC2CC=C1CCCCCC2O,5.6584,6.0257673,0.0649242365332956,0.3673673
CCOC(=O)C=CC(C)C(=O)O,5.6595,5.3789883,0.0495647495361783,0.280511700000001
C=CS(CC)(CCOC)C(CC)CC,5.7006,6.335146,0.111312142581483,0.634546
C=CNCCC1=CC=C(CCC)C1CC,5.7006,4.781546,0.161220573272989,0.919054
CC(N)SC1CC1C#N,5.7006,6.6580076,0.167948566817528,0.957407600000001
C=C(CC)C(CC)OOC,5.7006,6.917115,0.213401220924113,1.216515
C1=CC2C=C(CCC2)C2CC2C1,5.7038,6.55895,0.149926364879554,0.85515
O=C1CCCCOCC2CCCC1CO2,5.7038,6.7767315,0.188108191030541,1.0729315
C=C(C)C(C)=C1CCCC1CCC,5.7058,5.8435388,0.0241401381050861,0.1377388
CCNC(CC(C)=O)[PH](=O)O,5.7058,6.4184723,0.124903133653475,0.7126723
CC(=CCC=CON)CCC(C)C,5.7146,5.8407187,0.0220695586742729,0.1261187
CN(CCCCCCSC(N)CO)NN=O,5.7146,6.0261936,0.0545258810765408,0.3115936
C=CCC1=C(SCCCC)CC1=O,5.7146,5.374718,0.0594760788156652,0.339882
CC(O)C(=C=O)C1CCCC(NNPC(O)OOO)CC1,5.7151,6.4402695,0.126886581162185,0.725169500000001
C#CC(CCCC)C(=O)[SH](C)C#C,5.7151,6.7226667,0.176299049885392,1.0075667
C=C1CCC=C=C(C)C(OO)CO1,5.7319,5.749787,0.00312060573282855,0.017887
CCCC=CCC=CCC(=CCCCCC(C)CCCC)CC,5.7361,6.0197706,0.0494535660117501,0.2836706
CSC(C=CCCO)N(O)CO,5.7361,6.0357895,0.0522462125834625,0.299689499999999
C=CC1CCCC(C)=C1CCC,5.7361,6.144839,0.0712573002562716,0.408739
CCCC(C=C(C)C)CC(C)CO,5.7361,6.8502407,0.194233137497603,1.1141407
CC=CNCC1CCC(C(C)C)CCS1,5.7382,5.9589868,0.0384766651563208,0.2207868
C=CCCN(C=O)C1CN(C=O)C1,5.7555,5.961435,0.0357805577273912,0.205935
C=C=CCC1=CC=CC(CN)=CC(NC)C1,5.7609,3.2681413,0.432702997795483,2.4927587
CC(C)C1=CC=C(NOC=NCC=N)CCC(O)C1,5.767,4.618086,0.199222125888677,1.148914
CCCCCC=C(C)COCCCC(CO)C(C)CC,5.767,7.2411265,0.255614097451014,1.4741265
CCCC(C)(CC)OC1CC(SC)CS1,5.7688,6.620941,0.147715469421717,0.852141000000001
CC1CCOC1=C1CC=C1N,5.7808,4.635761,0.198076217824523,1.145039
C=C(C)CC(C)CCCCN,5.7808,6.948517,0.201999204262386,1.167717
CC1=CNCC(C)C(NON)=CC=C1,5.7808,4.442751,0.231464330196513,1.338049
C=CC12C=CCCCCCOC1=C2,5.7865,5.730335,0.00970621273654196,0.056165
CC1=CCCCNC(C)CSCC1=S,5.7872,4.079917,0.295010194912911,1.707283
C=C(C)C(C(CC=O)CCCCCCC)C1CCCC1,5.7995,6.587267,0.135833606345375,0.787767
CCOON(CC)CCC(C)ONCc1cc(C)ccn1,5.834,6.736647,0.154721803222489,0.902647
CCC(CO)CCSCCN=C(O)CO,5.834,6.818285,0.168715289681179,0.984285000000001
C=CCC(C)C(CC)C(=C)CC,5.8353,6.053235,0.0373476942059534,0.217935
CCC1CNCCCCC(C)CCC1C,5.8367,7.514331,0.287427998697894,1.677631
CC1CC(NON)CC(C=O)NC1OCCNN,5.838,7.117768,0.219213429256595,1.279768
CCC1CCCCCCN2CC(C1)ON2,5.8485,7.902318,0.351170043600923,2.053818
CCC(CC)CC(O)CN=C(C)N,5.9095,6.3489475,0.0743628902614434,0.4394475
CC1(C)CC2(CCCCC(=O)C2O)CSN1,5.9095,5.453819,0.0771099077756156,0.455681
CCCCOC1=CC=C(C)CC(C)C1,5.9095,5.152798,0.128048396649463,0.756702000000001
CCCCC(CC)P(O)OC1(OC)CCC1,5.9161,8.972469,0.516618887442741,3.056369
C=CC=CC1=C(C)CC1OO,5.9179,4.734585,0.199955220601903,1.183315
CCCOC1=CCC(C)=NCSN=C1,5.92,4.7982917,0.189477753378378,1.1217083
CC1=CCCCCC=C(SCN(N)OO)S1,5.9262,4.8039856,0.189364921872363,1.1222144
CCCC1C=CC(C)=C2CCCCC(CC1)C2,5.9487,5.9525023,0.000639181669944737,0.00380230000000026
CCC1C(N)C1CNOC1CCCCCN1,5.958,6.9013762,0.158337730782142,0.943376199999999
CCCOCC1=CC=C(CC)C=CO1,5.983,4.8275633,0.19311995654354,1.1554367
CCN1CC(OC(C)=O)CC1CN,5.983,6.695509,0.119088918602708,0.712509000000001
C=CCCCCCCC1CC(=C)C1,6.0098,6.451852,0.0735551931844653,0.442051999999999
COC(=COOC(C)OO)CO,6.0324,6.732969,0.116134374378357,0.700569
CCC(=O)C1OC1(C)CNO,6.0324,5.7919407,0.0398612989854785,0.2404593
CCC1OC2COC(C)C2C1CCN,6.0557,8.58274,0.417299403867431,2.52704
CC=CC1=CCC(CCC)C1C,6.1079,6.278969,0.0280078259303525,0.171069
O=C1CCCNCCC2CCN1C2,6.1079,6.82836,0.117955434764813,0.72046
CCC(CCCC(C)(C)C=O)OC,6.1156,7.7282534,0.263695042187193,1.6126534
CC=CCCCCCOCNN=O,6.1983,5.525932,0.108476195085749,0.672368
CC(=CCC=CCCC1CO1)CO,6.1983,5.9326406,0.0428600422696545,0.2656594
C=C=NCC(=O)NCCC(NOC)=[N+](C)[O-],6.1983,4.123355,0.334760337511898,2.074945
C=CC(NO)NC(C)C1CC=NC1,6.2158,6.429243,0.0343387818140867,0.213443
CCC1CCNC2(C=O)C1C2(C)C,6.2214,6.3619046,0.0225840807535281,0.1405046
COC1OCCSCCOS1(C)PC,6.2276,6.8794513,0.104671350118826,0.651851300000001
C#CCCCCOC(C)(O)C(C)O,6.2276,8.080452,0.297522641145867,1.852852
C#CC1NCCC(CC(C)CC2CCNC2)C1N,6.2292,6.943899,0.11473367366596,0.714699
C=C(CCC)SC(C)OCNCO,6.2307,6.263313,0.00523424334344463,0.0326130000000004
CCCCC(=O)CCSCCCCC(C)C,6.2307,5.990395,0.0385678976679987,0.240304999999999
CCCCNP(CSS)C(=O)O,6.2307,5.4842,0.119809973197233,0.746499999999999
CC1OC(CCNN(C)CO)CCCCC1=N,6.2422,7.196645,0.15290202172311,0.954445
C#CCCC(CCCCC=O)OC(C)O,6.2433,7.550661,0.209402239200423,1.307361
CCCCC=CCCCC1CCCC1CO,6.2484,6.531884,0.0453690544779463,0.283484
CCCCOC1=CC=CC(C=N)CO1,6.2484,5.569271,0.108688464246847,0.679129000000001
CCOCC1CCC(C)=CC(CC(C)CC)CCO1,6.2531,7.3737984,0.179222849466665,1.1206984
C=CCC(C)CCC(CO)CCCCO,6.2531,7.364381,0.177716812461019,1.111281
CCC1CC1CCC=CCCC1CC1,6.2531,6.8379984,0.0935373494746606,0.5848984
OCCCN1C=CC=CC=CNN=CC1,6.2531,3.1782365,0.491734259807136,3.0748635
OCCCOC1CCC1Cn1cccc1,6.2589,6.45717,0.0316780903992714,0.19827
CCC1CC2NC2OC(C)(C(CC)CC)C1C,6.2589,8.011816,0.280067743533209,1.752916
N=C(O)C1C=CC(O)CCCS1,6.2591,5.2901554,0.154805738844243,0.9689446
CC(S)=C1C=CCCCC1C,6.2591,4.498198,0.281334696681632,1.760902
CC1CCCc2ccccc2CCC(C)CCC1,6.3056,6.9451942,0.101432726465364,0.6395942
CCC(C)=C=C1CCC(=O)SCCC1C,6.3056,4.7211547,0.251275897614819,1.5844453
CC1CC(C)(C)OO1,6.3221,8.259653,0.306473007386786,1.937553
CCCC1CCCC1CCC(C)OC,6.3221,9.1491165,0.447164154315813,2.8270165
C=C(C)CCC1CC1CC(C)C,6.3447,7.686619,0.211502356297382,1.341919
C=CCNCOOCC1CC1C(C)CC,6.3474,6.9184446,0.0899651195765195,0.5710446
CCC(=CC=CCCOC)CCCOOC,6.3474,5.0542474,0.203729495541482,1.2931526
COC1C(=O)CC(O)CCC1C,6.348,6.4788666,0.0206154064272212,0.1308666
CC(N)C(C=O)C1COCC1C,6.348,5.8922577,0.0717930529300567,0.4557423
COC(=O)C=COCCC=O,6.348,4.709544,0.258105860113421,1.638456
CCCCOOC1(C)CC(CCOC)=[SH]1,6.3671,5.9173155,0.0706419720123761,0.4497845
C=C1C(=CCC(C)O)C=C1CO,6.3671,5.4725757,0.140491636694885,0.8945243
CCCC=C(C)C1CC12CC1C(OC)CC12OC,6.3781,7.4449553,0.167268512566438,1.0668553
CC1CNCCCC2CCCCCCC12,6.3979,8.216656,0.284273902374217,1.818756
C=CCCCC1OC=C1C=CCCCCC,6.4005,5.410347,0.154699320365596,0.990153
CC(=CC(O)CCO)CC1CC1,6.401,7.1218905,0.112621543508827,0.7208905
CCC1=CCC(CNNCCSCN)O1,6.4025,6.330838,0.0111928153065209,0.0716619999999999
CCCCCCC1CCC=CC(CONO)C1,6.4025,7.0610943,0.102865177664975,0.6585943
N#CCCCC(O)CC(O)=S(O)OO,6.4025,5.2123346,0.185890730183522,1.1901654
CSCN(C)CC[SH](C)[PH](=O)CSC,6.4025,4.6121035,0.279640218664584,1.7903965
CCC(C)CC(CCNCCCCNC)OC=O,6.4042,7.108384,0.109956590987165,0.704184
CCCCCCCCSSC(C)OCCO,6.4065,5.8854094,0.0813377975493639,0.5210906
CC1(C)CCCCC1CCCNNCO,6.4065,7.421135,0.1583758682588,1.014635
CCC1CNC(CN)C2(CC2N)N=C1N,6.4073,6.337975,0.0108196900410469,0.0693250000000001
COCCC1CC=C(C)COCC(CO)C1O,6.4073,6.9047194,0.0776332308460662,0.4974194
CC=CC(COC)CC(C)CCC,6.4073,7.2016625,0.123977728528397,0.7943625
CCC12CCC(O)C(S1)C(C)C2,6.4076,6.940154,0.0831128659716585,0.532553999999999
CCC1=CCC(CO)C2CCCC12,6.4076,7.0896635,0.10644601722954,0.6820635
CC(CCC#CCN)COOO,6.4093,7.2072554,0.124499617742967,0.7979554
CC1C2=CCC2C1C(N)=O,6.4093,5.5586133,0.132726928057666,0.8506867
CCCNC1NC(=S)OC1CC,6.4095,5.988453,0.0656910835478587,0.421047000000001
C=C(O)CCN(C)N(O)C(=C)C,6.412,6.6403437,0.0356119307548347,0.2283437
C1CCCNN2CCCC2CCC1,6.4274,7.1527076,0.112846189750132,0.725307600000001
CCCC(C)COCC1ON1C(=O)COC,6.4305,7.4287,0.155228986859498,0.9982
CCCN(C#CC(C)C)CC(C)C,6.4328,6.9892645,0.0865042438751399,0.5564645
CCNC(CO)CCCCCCCC(C)OO,6.4328,7.759709,0.206272385275463,1.326909
OCCCNCCCCCP(OO)OCCS,6.4356,6.849353,0.0642912859717819,0.413753
C=C(CO)CCC1C=C(C)CO1,6.4384,7.013412,0.0893097664015905,0.575012
C=C1C2CC=C(N)OC(OC)CC12,6.4384,5.761905,0.105071912276342,0.676495
COC(CO)CCCCCNCN(O)O,6.4384,7.553704,0.173226888667992,1.115304
C=C(C)CCC(C=CCC)CCCC,6.4392,6.379065,0.00933889303019006,0.0601349999999998
CCCC1(CCC#N)CCC(CN)NC1,6.4392,7.5147867,0.16703731830041,1.0755867
CCC(C)CN(C)N=CCC=O,6.4392,5.0040417,0.222878354453969,1.4351583
O=C1CCC[C]CCCCCCCCOOC1,6.4392,4.6777153,0.273556451111939,1.7614847
CC(C)CN=CC1CCCCCCO1,6.4431,6.4024796,0.00630448076236592,0.0406203999999999
C=C(C)CCOC1CCCNNCCCOC1,6.4431,6.5800953,0.0212623271406621,0.1369953
CCCCOCOCC(C)C=CCCOO,6.4431,6.6278996,0.028681783613478,0.1847996
CCCOC(C)C(C)CCPNNC,6.444,7.5420923,0.170405384854128,1.0980923
CC=C1CC(C=O)CC1OO,6.445,5.735015,0.110160589604345,0.709985000000001
C=CCC(=CC1CC1COO)CC(C)C,6.4451,6.0348573,0.0636518750678811,0.4102427
CCCC1C=C(COC)CCCCNO1,6.4459,6.582933,0.0212589397911851,0.137033
CCCCOCC1CC1C=CCOC,6.4569,7.5502625,0.169332419582152,1.0933625
CCOC(P)N(C)C(CC)OC,6.4674,7.7928133,0.204937579243591,1.3254133
CCCC(COC)C(CC)NN(CCO)OO,6.4751,8.393,0.29619619774212,1.9179
CCCCCC1=CCCCCCC(=O)O1,6.4751,6.2486324,0.0349751509629195,0.2264676
C=C1CC(CC)=CC(NCO)C1C,6.4751,5.351907,0.173463421414341,1.123193
CCCN1CC[PH](=O)CC(CC)C1,6.4899,6.477333,0.00193639347293483,0.0125669999999998
CC(C)C(C)CN1CCN1CO,6.4916,7.70388,0.186745948610512,1.21228
C=C(CCC)CCCC(CC(O)O)CC(C)CC,6.4916,8.013549,0.234448980220593,1.521949
CC(O)C=C(CCC(C)CO)CP(C)C,6.5244,6.9550676,0.066008767089694,0.4306676
CC=CCCC(CC)CC(O)=NCC,6.6075,6.359043,0.0376022701475596,0.248457
C=NCC1CCCC1CCCCOO,6.6075,5.9871807,0.0938810896708286,0.6203193
CCCCCNCCC(CCO)C(C)C=O,6.6454,6.515317,0.0195748939115781,0.130083000000001
CCCC1CCC1(CC)C(C)(CC)C(C)CNCC,6.7077,8.570133,0.277655977458741,1.862433
CC(CCCCCCSS)C(=O)NOO,6.7387,6.092847,0.0958423731580275,0.645853
CC1CCCCCCC(CN)CC1C,6.7387,8.212471,0.218702568744713,1.473771
CCC1C(OC)N2CCCCC3(CC3)C12,6.7685,8.114055,0.198796631454532,1.345555
COC1CCCNC(C)CC(C)C1,6.7707,7.734413,0.142335799843443,0.963713
CC1CCCN(CCCC=O)C1,6.7741,6.8825808,0.0160140535274059,0.108480800000001
C=C1CCCCCC(C)CCCCC1C,6.7741,7.524616,0.110791987127441,0.750516
CCC=CCC=C(CCC)C(C)=O,6.8302,4.46108,0.34685953559193,2.36912
CCSSCCC(O)OCC(C)CCO,6.8302,6.3386116,0.0719727680009369,0.4915884
CC1CCCCCCC(C)(C)CCN1,6.8479,7.7893834,0.137484980797033,0.9414834
C=C1CN(C)CC(=O)CN(C)N1,6.8479,5.696368,0.168158413528235,1.151532
CCCC(CCC)C(C)OC=O,6.8523,7.512356,0.0963261970433285,0.660056
CC1CCC(=O)CCC(O)CC1,6.8533,6.758277,0.0138652911735952,0.0950230000000003
CC1=CNCC(OCCC(C)CN)C1,6.8533,6.485237,0.0537059518771979,0.368063
CCCC(COC)OC(C)CCO,6.8533,8.471585,0.236132228269593,1.618285
CCCCCC1NC1OC1CC1C,6.8537,8.589087,0.253204400542772,1.735387
C.C=C1C=C(CC)CCCCC1C,6.8553,5.095363,0.256726474406663,1.759937
C=C(C)C(O)CCCCCC=CC,6.8553,6.363382,0.0717573264481496,0.491918
COCCC1C(COC)NC(=O)C1N,6.8553,6.4404655,0.0605129607748748,0.4148345
CC1CCCC1CC(N)CCC1NCC1C,6.8553,7.474092,0.0902647586538882,0.618792
CCCCCCCCCC=CC(O)COOC,6.857,7.040553,0.0267687035146565,0.183553
O=C1OC(CCCCOCO)C2OC2O1,6.857,7.178187,0.0468407466822226,0.321187
CCC1CCCCCCC(C)SC1,6.8591,7.1421685,0.0412690440436793,0.283068500000001
CN(CCO)C(O)C(C)(O)CO,6.8591,8.04509,0.17290752431077,1.18599
CCCC1CC1CCC1CCCCCCO1,6.8723,8.97826,0.306441802598839,2.10596
C=C1CC1C(O)C(O)CCCO,6.8973,7.5977135,0.101548939440071,0.7004135
CCC1CSC1NC1COC1CC,6.9089,7.2478557,0.0490607332571031,0.3389557
CC1CCCCCCCCCCCN1C,6.9089,7.6397696,0.105786680947763,0.7308696
CCC(CCCN)C1CC(C)C(C)C1,6.9089,8.128308,0.176498140080187,1.219408
CCCCCC(C)C(C)(N)CCCC,6.9089,8.281934,0.198734096600038,1.373034
CCCC1CC1(C)C(CO)CC(C)CCO,6.9089,8.784374,0.271457685014981,1.875474
CCC(C)CC1CCS(=C2C=CC2)CC1CC,6.9355,5.051817,0.271600173022853,1.883683
CC(CNN)OC1OC1N,6.9691,8.400677,0.205417772739665,1.431577
CCC(=O)CNCC1C=CCCCCCN1,6.9694,6.3758245,0.08516880936666,0.5935755
CC1CCCC(C)C1Oc1ccccc1,6.9694,5.9771833,0.142367592619164,0.9922167
C=CC(N)OOCCC=CCCO,6.9694,5.5938663,0.197367592619164,1.3755337
CCOCC(CO)CCCOCCOO,6.9711,7.888693,0.131628150507094,0.917593
CCOC1(COCC(C)CC)CCC1,6.9711,8.55145,0.226700233822496,1.58035
C=CCSC(OO)OC(CO)CCC,6.9779,7.2798553,0.0432730907579645,0.3019553
C=C1NCCCCCCCC1O,6.9779,7.0677733,0.0128797059287178,0.0898732999999998
CC(C)OOCC1CC1CCCCN,6.9779,7.7235384,0.106857134668023,0.7456384
C=CC(CC)OCC1CCC(C)C1,6.9779,7.8524966,0.125338081657805,0.8745966
COC1CC(O)C1(C)CCCC=C(C)O,6.9819,7.2955036,0.044916655924605,0.3136036
CC1CCC2=CC23C=CC3C2C=C2CCCC1=O,6.9819,4.0193777,0.424314627823372,2.9625223
CCC(C)CC(OC)C1CC(C)C1CCOO,7.0045,7.7906365,0.112233064458562,0.7861365
CCC(O)CCOCC=CCNOCC#N,7.0045,6.371376,0.0903881790277679,0.633124
CCCCCNCCCC=C1CCCCN1,7.0605,6.0518637,0.14285621414914,1.0086363
C=C1CCCCC(C)C(C)(C(O)CO)CC1C,7.0605,7.8549953,0.112526775724099,0.794495299999999
CCCC(F)C1NCC(CC)C(C)CC(C)C1C,7.0605,8.254068,0.1690486509454,1.193568
CCC(CC)OC(C)CC(C)C,7.1034,8.838314,0.24423712588338,1.734914
CCCCCCC1CCC(C)CCC1CC,7.1034,9.521616,0.340430779626658,2.418216
CCCCCNCC1CCCC(C)C1,7.1949,7.6631236,0.0650771518714645,0.4682236
CCC1=CCC2C=CCCCCC2CC1,7.1949,6.3575726,0.116377906572711,0.8373274
COC(CC(CO)SO)OCS,7.2303,7.1746163,0.0077014370081462,0.0556836999999995
COOCOOCCC1CCCCCCC1,7.245,8.830659,0.218862525879917,1.585659
CCC1(C)CC(COC)CCCCC(C)(C)C(C)C1,7.245,8.571539,0.183097170462388,1.326539
CCCN(CC)CC(C)C(C)CCCCCN,7.2534,7.25459,0.000164060992086504,0.00119000000000025
CCCC1CNCC(C(C)C)CO1,7.2658,7.450794,0.0254609265325223,0.184994000000001
CCCCCC(CCC)OCCCC(C)O,7.2658,8.280005,0.139586143301495,1.014205
COCC(C)OCCCOCN(C)CCCO,7.2658,8.07885,0.111900960665033,0.81305
COCC(=O)COCCSC(C)CO,7.2693,6.7903166,0.0658912687604034,0.478983400000001
COCC=NCC(CC(C)=O)C(N)CO,7.2693,5.2055836,0.283894790419985,2.0637164
CC1=CCCC(C)CC(C)CCC1,7.3048,6.837242,0.0640069543313986,0.467558
CCC1C2N=C(C)N=CC=C2OC(CCCO)C1C,7.3152,4.846401,0.337488927165354,2.468799
CC1(C)OCCCCC(C=O)C1O,7.3339,7.2013254,0.0180769576896331,0.1325746
C.CCCCCC(C)(CCOCC)COC,7.3339,8.3426,0.137539371957621,1.0087
CC=CCCC=C1CCCCCCCCC1,7.3339,6.0572643,0.174073235250003,1.2766357
CC(C)=CC1CCCCCCCC1C,7.3771,7.443997,0.00906819753019479,0.066897
CC1C(N)NCC1OC(=O)CCO,7.3837,7.356368,0.00370166718582829,0.0273320000000004
CCOCC1C=CCC1CC(C)O,7.3837,6.8219347,0.0760818153500278,0.5617653
CC=C1CCC(CC(O)CCCC)C1,7.4532,6.9258366,0.0707566414426018,0.5273634
CC#CC#CCC1(C)NC1C,7.4574,6.8173795,0.0858235443988521,0.640020499999999
CCC(C)NNCC(OC)N(O)CN,7.4767,7.7593565,0.0378049808070405,0.2826565
CCCCC(C)CC1(C)CCCCOO1,7.5181,8.693382,0.156326997512669,1.175282
C=C(CCC)C(CCCN)CCCC(C)CCCC,7.5303,7.2777705,0.033535118122784,0.252529500000001
Cc1c#c(OC(C)(C)O)ccc1,7.5303,5.7184873,0.240602990584705,1.8118127
C=NCC(CO)C(CC)CN,7.534,7.1170926,0.0553367932041412,0.4169074
CCCS(C)(OO)OCC(CC)OOC,7.5964,7.417162,0.0235951240061081,0.179238
CCCOC1C(C)CCCCC1CC(C)CC,7.5964,9.330958,0.228339476594176,1.734558
CCCCCCOC1CC(CCCCC)C1,7.6569,9.033663,0.17980684088861,1.376763
CCCCCCCCCC(O)CCC(C)C,7.668,8.541544,0.113920709441836,0.873544
CCCC1CC2(CCCCCCCCCC(CC)C2)CN1,7.6893,8.263509,0.074676368460068,0.574209000000001
CCCC(NCNCCC(C)C)NOC,7.6994,6.6398454,0.137615216770138,1.0595546
CCCCC1NC(CC)CC(OC)OP1,7.7185,7.305203,0.0535462848999158,0.413297
CCCCCCCCCCC(C)CCCCCOC,7.7768,8.995882,0.156758821108939,1.219082
CCC1CCC12C=CC(CO)C2,7.8315,6.6491513,0.150973466130371,1.1823487
CCCCCC(CC)C(CC)(CO)OC,7.8315,8.833109,0.12789491157505,1.001609
CCCCC(C)CCC(CO)CC(C)C,7.8329,8.458208,0.0798309693727739,0.625308
CCCCCCCCCCC=CC(C)CCC,7.8502,7.393775,0.0581418307813814,0.456425
CCCC1C=CCC(C(C)CC)CC(C)C1,7.8701,7.210419,0.0838211712684718,0.659681
CC1COCC1CCCC1CCCC1,7.8701,9.338789,0.186616307289615,1.468689
OCCOCCCCCCC1CCC1,7.8849,8.821926,0.118838032188106,0.937026
COCCCC=NNC1C(C)CCCCC1N,7.8849,6.375429,0.191438191987216,1.509471
NC1CCCCCNCC1C=O,7.942,6.6188455,0.166602178292622,1.3231545
CCC1C(C(=O)ONC)CCOC2CC21O,7.9523,6.979764,0.12229619103907,0.972536
CCCCN1CC1CC1CN1,7.9809,8.061977,0.010158879324387,0.0810770000000005
CC1CCCCCCC(C)(C)CC1.CCCC,7.9906,9.73838,0.218729507170926,1.74778
CCCCC(CCC1CC1C)OCCC,7.9923,9.135775,0.143072081878808,1.143475
CCCCCCCCCOCC1CCC1CCO,7.9923,8.473579,0.060217834665866,0.481279000000001
CC1(C)CC1C1=C(CO)CC1,7.9923,6.6448135,0.168598088159854,1.3474865
CCC1CCC2CCOCC(C)C12,7.9923,8.939016,0.118453511504823,0.946716
CCC1NNOC2CC(N)C(C2)C(C)CO1,8.0491,6.9042754,0.142230137530904,1.1448246
C=CCOCCCCCCC(C)CCCCC,8.0495,8.170555,0.0150388222870986,0.121055
CCC(C)CCCCOCC(C)CC,8.0495,8.6757965,0.0778056401018697,0.626296500000001
CCC(CO)CCC(C)C(C)OC,8.0495,8.698501,0.0806262500776446,0.649001
CCCCCCCN(C)CCOC(C)OC,8.0516,7.946832,0.0130120721347311,0.104768000000001
COCC(CN)CC1C=CCC(C)C(C)CC1,8.0578,6.8682218,0.14763064359999,1.1895782
C=CCCCC(C)CCCCCC(C)CC,8.0578,7.74117,0.039294844746705,0.31663
CCCCCC(CCC)CC1CC(CO)O1,8.0616,8.247333,0.0230392229830305,0.185732999999999
COC1CC(CO)CCCCCCCPO1,8.0616,8.517202,0.0565150838543216,0.455601999999999
CCOC(O)C(OC)C(C)CC=O,8.0616,6.667222,0.172965416294532,1.394378
CC(CCC(=O)CCON)OCCCO,8.0794,6.4001217,0.207846906948536,1.6792783
CC#CCCCCC(C)OCCCC(C)C,8.0823,7.772169,0.0383716268883858,0.310131
CCON(O)C(C)CNCCCCCCN,8.0823,8.077678,0.00057186691907,0.00462199999999946
CC(C)CCC1=C2CCCC(C2)C1N,8.0913,5.6591115,0.300593044381002,2.4321885
CCC1(C)CCOCCN(C)CC1CO,8.0913,7.6759644,0.0513311334396204,0.415335600000001
CCCCCC(CC(C)O)C(C)O,8.1085,8.737939,0.077627058025529,0.629439000000001
CCCCCC(O)CC(CC)SCCN,8.1876,6.5665727,0.197985649030241,1.6210273
CCCC1CCC#CC(N)CCCC1,8.203,7.534561,0.0814871388516396,0.668438999999999
CCCC1CCCC(OC)C(CCNNO)CC1,8.203,6.9811177,0.148955540655858,1.2218823
COC(CO)CCCCC(O)CC(C)C,8.2089,8.606723,0.0484624005652403,0.397823000000001
CCC1CCC(C)CCC(OO)C(C)C1,8.2182,7.9861135,0.0282405514589569,0.232086499999999
CCCCCCCCCC1CC1CCC,8.2192,9.851069,0.198543532217247,1.631869
CCCCC(C)OCCC(CC=O)C(=O)OCC,8.2192,6.210068,0.244443741483356,2.009132
CCC1COCCC(CN(C)C)CC1NO,8.2192,6.5249257,0.206136156803582,1.6942743
CCCCC(CC(C)C(C)N)SCSN,8.2244,7.166034,0.128686104761442,1.058366
CCCC(C)C(CCO)CC(C)O,8.272,8.474446,0.0244736460348163,0.202446
CC1OC(CCCCCCNO)ONCC1Cl,8.272,7.8161707,0.055105089458414,0.4558293
CCCCCCC1CCCCC(C)CC1,8.2862,9.772455,0.179365088943062,1.486255
CC(CCCCO)COC(=O)N(C)C,8.2862,7.6672335,0.0746984745721802,0.618966499999999
CC1CCCCC(CCCCCCO)C1,8.2904,8.814185,0.0631797018237962,0.523785
C=CCC(O)CC(C)CCCCCC,8.2988,7.620619,0.0817203692100063,0.678181
CCC1(C)C(COF)CCN1C,8.2988,7.437354,0.103803682460115,0.861446
CCOCCOCOCCCNC1C(CC)C1CO,8.2988,7.7535443,0.0657029570540319,0.5452557
CCC(O)CCCC1CCCCOCC1,8.2995,8.351986,0.00632399542141093,0.052486
C=C(C)CCCC(=O)OCC(C)C,8.305,6.618228,0.203103190848886,1.686772
C=C(CCC(CC)CO)C(C)CO,8.305,7.3577886,0.114053148705599,0.9472114
CCCCCC(C)CCC(N)CCCN,8.305,7.3317595,0.117187296809151,0.973240499999999
CCC1CC(C)(COC)CCCCS1,8.3254,7.3947444,0.111785091407019,0.9306556
CC(O)(CCCCCCCO)COO,8.3254,8.0430765,0.0339111033704087,0.2823235
C=C1CCCCCC(C)CC(C)C1,8.3254,7.2883854,0.124560333437432,1.0370146
CCC1(C)CCOCCCC1C(C)C,8.3323,8.798634,0.0559670199104689,0.466334
C=CCCCCC1CC2CCCCCC12,8.3631,8.155205,0.0248586050627158,0.207894999999999
CCCC1C2CCCC3C1(C)C23C,8.3631,8.894054,0.0634877019287108,0.530954000000001
CCCCNCC1(CCOC)CC(C)C1,8.3631,7.841213,0.0624035345744998,0.521887
CCCCCCC(CCC)NCCCC,8.3771,8.051396,0.03888028076542,0.325704
CNC1(CCO)CC(C)C1C,8.3771,7.6989727,0.0809501259385707,0.678127300000001
CC1CCCCCC1=C1CC(C)C1C,8.4148,6.6573763,0.208849134857632,1.7574237
CCCC(COCCCC(O)CO)OC,8.4148,8.80978,0.0469387270048011,0.39498
CCC1CCCC(CC2CC(OC)C2)C1CC,8.4415,9.374161,0.110485221820767,0.932661000000001
CCC1(C)CCCCCC(N)(CC)O1,8.4653,8.421645,0.005156934780811,0.0436549999999993
C=C(C)CC(CCCC)C(CC)CCO,8.5081,7.3708506,0.133666670584502,1.1372494
CCC1CC(N)CC(C)CCCO1,8.5081,7.661236,0.0995362066736405,0.846864000000001
CNC(CN)(CC(C)C)C1=CC=CC=CC1N,8.5257,4.037567,0.526423988646094,4.488133
CC#CCCC1CCC1CC(C)(C)N,8.5257,7.682297,0.0989247803699403,0.843403
COC1(C2C(C)C2O)CCCO1,8.5257,8.424767,0.0118386760031436,0.100933000000001
COC1CCCCC(CC(C)N)CC1,8.5257,7.728117,0.0935504416059679,0.797583
CCC1CC(O)CCC1CCO,8.5481,8.885447,0.0394645593757676,0.337346999999999
CCC(OCCCC(C)C)OOCC(C)C,8.5481,8.452286,0.0112088066353925,0.095813999999999
CCC(CO)CC(C)CCCCOC,8.5481,8.690824,0.0166965758472642,0.142723999999999
CCC1OC(CCC(O)COO)CCC1C,8.5481,8.369445,0.0208999660743322,0.178654999999999
CCC(C)C(CO)C(C)C(C)=CN,8.5509,6.5862184,0.229763136044159,1.9646816
CCCOCCCCOCCCCCCOOCC,8.5509,8.125527,0.0497459916500018,0.425373
CCCCCCCCC=C(CCC)OO,8.5509,6.6173973,0.226116864891415,1.9335027
COC1CCC(C)COCCC(C)N1,8.5755,7.832244,0.0866720307853769,0.743256
CCCCC(CCC)N[PH](=O)COCC,8.5755,6.9133286,0.193827928400676,1.6621714
CCCC(C)CCCC1CCC(C)C(C)(CC)C(C)O1,8.5755,8.177123,0.0464552504227159,0.398377
CCCC(C)(CC)NN(O)CO,8.5824,8.142796,0.0512215697240864,0.439603999999999
CC(C)CCCCCCCC(C)OO,8.5824,8.499701,0.00963588273676359,0.0826989999999999
CCCCCCCCCC(C)CCOC(C)OC,8.5836,9.222054,0.0743806794352019,0.638453999999999
CCCCCC(C)CCCC(C)CCOCC,8.5836,9.117389,0.0621870776830233,0.533788999999999
COCCC1CC2CC(C)C(C)(C1)C2,8.6117,8.292585,0.0370559819780067,0.319115
C=CCCCC(=O)CN(C)C1(C)C(=O)C1CCCC,8.6236,4.789413,0.444615589776891,3.834187
CCC1(C)CCCCCC1C(C)C1CCC(C)C1,8.6248,9.121371,0.0575747843428253,0.496570999999999
CCC(CC)CCOC(N)CCCCO,8.6248,7.585827,0.120463431036082,1.038973
CC(C)CC1CCCC2CCC2C1,8.6248,9.624526,0.115912948706057,0.999725999999999
CCC(C)NOC(O)CCC(C)CC#N,8.6281,7.796784,0.0963498336829661,0.831316
C=CCOCCCOCOC1CCC(C)N1C,8.6281,7.536328,0.126536780983067,1.091772
C#CCCP(C)C(C)CCC(C)CCCC(C)C,8.6753,8.296952,0.0436120941062558,0.378348000000001
CC(O)CC1CCCCC1CCCCO,8.6753,8.632947,0.00488202137101891,0.0423530000000003
C=CC(O)COC(C)C(CC)CCCCCO,8.6817,8.04549,0.0732817305366461,0.63621
CCCC(CN)C(CC)CCCON,8.6864,7.7609057,0.106545208601953,0.9254943
CCC1(C(O)C2CCCC2)CCC=C1C,8.6864,7.121686,0.180133772333763,1.564714
CCC(C)(C)C1C=C(C)C1,8.6969,7.438918,0.144647173130656,1.257982
CCCCCCC(CCC)C(COC)C(C)CCCC,8.6969,9.577014,0.101198588002622,0.880114000000001
COC1OC2C(C)COC(C)CCCOCC12,8.6969,8.512857,0.0211619082661637,0.184042999999999
C.CCCCCCC1CCCCCCCC1,8.7115,8.748185,0.0042111002697584,0.0366850000000003
COC1(C)CNCCCCC(C)C1,8.7115,8.1289215,0.0668746484531939,0.582578499999999
CCCCCNC(CCC(C)C)NNNO,8.7128,6.6042385,0.242007334037278,2.1085615
CC1CCC(CCC=O)C1C1OCO1,8.7242,7.074265,0.189121638660278,1.649935
CCCCOCCCSCC(N)OOCCC,8.7257,7.612293,0.127600880158612,1.113407
C#CC(CC)CNCCC(O)OCC,8.7257,7.93598,0.0905050597659787,0.78972
CCC(C)CC(C)CCCCCOO,8.7262,8.116713,0.0698456372762485,0.609487
CCC(=O)OC(CO)C(C)C,8.7262,7.098004,0.186587059659416,1.628196
CCOC1CCCCC(C)OCCCCC(COO)C1,8.7262,8.4970045,0.0262652128074077,0.229195500000001
CCOC(=O)C(CCOCC(C)C)OC,8.7262,7.48001,0.142810157915244,1.24619
CCCC(C)(C)C1CC(CC)C1C,8.7262,9.371406,0.073938942495015,0.645206
COCCCOCCCOC1=CCO1,8.7283,6.735646,0.228298064915276,1.992654
COCC1CCCCCCN1CC(O)O,8.7283,8.010677,0.0822179576778985,0.717623000000001
CCOCC(OCC)C(CC)CCOC,8.7283,9.127629,0.0457510626353356,0.399329
CCC(C)CCC(C)CCCCC(C)CCO,8.7308,8.956487,0.0258495212351673,0.225686999999999
CC(C)CC1NCCCCC(C)O1,8.7308,7.6106706,0.128296307325789,1.1201294
COCCC(C)C1CCCCCO1,8.7308,9.076453,0.039590071929262,0.345653
CC(C)C(C)C(O)C1CC1O,8.7308,8.150195,0.0665007788518807,0.580605
COCC1CCC(OC2CC2C)C1,8.7325,9.160878,0.049055596908102,0.428378
C#CC1CCOCCC1ONCCNCCCCCC,8.7325,7.2912445,0.165045004294303,1.4412555
C=C1CCOC(CC)CC1C(C)C(C)CCC(C)CC,8.7463,8.020191,0.0830189908875752,0.726108999999999
CCOCCOCCC(COOCOC)OC,8.7463,8.778719,0.0037065959319942,0.0324190000000009
CCCC1COC1OC(C)OC,8.7489,9.361687,0.0700416052303717,0.612786999999999
COC1CCC2(OO)CCCCCCOC12,8.7509,7.703584,0.119680947102584,1.047316
C#CCCNC1CCC(CCC)N1CC,8.7509,7.85709,0.10213920853855,0.893809999999999
CCC1=CCCCC(=NO)N1,8.7509,6.490741,0.258277320047081,2.260159
CCCCC(CC)C(C)(C)F,8.7543,9.728599,0.111293764207304,0.974299
C#CC1=CC(CCCCCCC)C1CCC,8.7543,6.3768234,0.271578150166204,2.3774766
CCOC(CCCCCCCC(C)C)C1CCC(O)C1,8.7543,8.886283,0.0150763624732988,0.131983
CCCC(OC)C(NCOCCCO)OC,8.7896,8.022355,0.0872900928369893,0.767245000000001
C=C(CC)CCCNC(C)C(C)C(C)CO,8.7896,6.9706964,0.206938154182215,1.8189036
CC1CC1CPCCCC(C)(C)C,8.8021,8.79723,0.000553277058883516,0.0048699999999986
CONC(C(C)O)C(N)COC(C)C(C)C,8.8021,7.817788,0.111826950386839,0.984311999999999
CCCCCC1CCCC1(CC)CC,8.8021,9.398696,0.0677788255075493,0.596596
C=CCCCCC1CCCOCCCC2(CC1)CCC2C,8.8084,8.075646,0.0831880931837791,0.732754
CCCC1CCCCCCCCC1CCOC,8.8204,9.021219,0.022767561561834,0.200819000000001
CCCC(C)(C)CC(C)(CC)CO,8.826,8.605408,0.0249934285066848,0.220592
C=CCC(C)CCC(C)COCCO,8.8376,7.49695,0.151698424911741,1.34065
CCCCCC#CCOC#CCCCCCC,8.8376,7.2019515,0.18507835837784,1.6356485
CCCCNCCOCCCC(C)COCC,8.8376,8.031061,0.0912622205123564,0.806539000000001
CCC(C)OC(CC(C)C)NOC,8.8933,7.690794,0.135214824643271,1.202506
CCOC(CN)CCCCC(C)C(C)N,8.8933,8.135116,0.0852533930037219,0.758184
CC=CCC(CCC)C(C)CCOC,8.905,7.6086445,0.145576137001684,1.2963555
CCC1CC(C)N1CC(CO)CCCCCO,8.905,7.9052305,0.112270578326783,0.999769499999999
CCCC1CC(O)CCC1CCCOC,8.9736,8.523657,0.0501407461888205,0.449942999999999
CCCCC1CCNCNCC(OC)CC1,8.9736,7.441135,0.170774828385486,1.532465
CN1CCCCCCCCCCCOC1,8.9736,7.7052765,0.141339428991709,1.2683235
C=C(C(C)C)C(C)CC(CC)CC,9.0348,7.752592,0.141918802851198,1.282208
CCCCC(C)CCC(O)CCCOC,9.0348,8.835255,0.0220862664364458,0.199545000000001
CCC1(CCNCOC)CCC(C)CC1,9.0348,8.004981,0.113983596759198,1.029819
COCC(C)NCCC(C)COO,9.0439,7.8976936,0.126738066542089,1.1462064
CCCCC(C)ON(C)C(CCCC)OC,9.0439,8.350118,0.07671270137883,0.693782000000001
CC(CCCC1CCCC(C)O1)OO,9.0439,8.395813,0.0716601245038092,0.648087
CCCCC(C#SCOC)C=COCCO,9.0528,6.2995377,0.304133781813361,2.7532623
CCCC(C(C)OCC)C(CO)OC,9.0528,8.276594,0.0857420908448215,0.776206
CCCCCC1OC(COC(C)C)C(C)CC2(C)CC12,9.0528,9.057977,0.000571867267585693,0.00517699999999977
CCCC=C(CC)CCCCC(N)CC,9.0593,6.378405,0.295927389533408,2.680895
CCCN1CC(C)OCC(NC)N1C,9.0593,7.6207876,0.158788471515459,1.4385124
CCCCCCCCOCCCCOC1CCCOC1,9.0593,8.448829,0.0673861115097193,0.610471
CC1CCC(C)CC(N)CC(CN)CC1,9.0675,7.9694395,0.121098483595258,1.0980605
CCCC1CCCCC1COC(CC)CC,9.0735,9.205681,0.0145678073510774,0.132181000000001
CCCC1CCCOCCC(S)CNC1,9.0735,6.5997334,0.272636424753403,2.4737666
CCC(CC)CCOC(CCOC)OC,9.1141,8.753026,0.0396170768369889,0.361074
CCCCC(CC1NCC1CC)NCC,9.1227,7.7654505,0.148777171232201,1.3572495
CCCCOCC1CCC(CC)C1,9.1261,9.141022,0.00163509056442515,0.0149220000000003
CCCCC1CCOCC=CC1(O)CC,9.1508,6.413177,0.299167613760545,2.737623
C=C(N)OC1OC(OC)CCC1CC,9.1594,8.246752,0.0996405878114286,0.912647999999999
CCC(C(C)C)C1CC1COC,9.1594,8.828102,0.0361702731619975,0.331298
COC1C(C)CC(C)OCCC1(C)C,9.1631,8.956978,0.0224947888814921,0.206122000000001
CC1CC2CCOCC2CC1OO,9.1631,8.723944,0.0479265750673899,0.439156000000001
CCCC1NCCCC(CN(C)C)CCC1O,9.1631,6.9485035,0.241686383429189,2.2145965
CCC1CCCC(OC)C(C)C1,9.1631,8.614864,0.0598308432735646,0.548235999999999
C#CCCC(CCCCC)CCCCCCC,9.1631,8.671806,0.0536165708111883,0.491294
C=CCCC=S(CCC)CC(=C)C(C)C,9.1631,4.951079,0.459672054217459,4.212021
CC(O)(CO)C(C)(O)OCCO,9.1746,8.350842,0.0897868026943954,0.823758
COC(CO)C(C)C(C)C,9.1816,8.701631,0.0522750936655919,0.479968999999999
CCCOC(CCC(C)C)C(CC)CCCO,9.2286,8.685245,0.0588772944975403,0.543355
CCCCC(O)CCCCCCC(C)C,9.2286,9.195616,0.00357410658171345,0.0329840000000008
CCCCCCC(CCCC)C(C)OC,9.2456,8.773853,0.0510239465259149,0.471746999999999
CCCCCCCCCC(CC)COC(C)C,9.2456,9.203111,0.00459559141645754,0.0424889999999998
CCCC1CCC(CC)CN(C)C1,9.2605,7.9571195,0.140746234004643,1.3033805
COCCCCC1CCCCCOC(C)C1,9.2605,9.244285,0.00175098536796078,0.0162150000000008
CCC1CCCCCC1C(COC)COO,9.2605,8.198045,0.114729766211328,1.062455
CCC(C)C1CC(C)CCC1C,9.2605,9.31155,0.00551266130338535,0.05105
CCCCCNOCNOCCC1CCCCC1,9.2616,8.341144,0.0993841236935302,0.920456
CCCCNC(C)C(CC)COC,9.2669,8.263783,0.108247310319524,1.003117
CC(CO)NCC(C)N1NCC1C,9.2669,7.5138626,0.189171934519634,1.7530374
CNCCC(O)CC1CC1(CN)CNC,9.2669,7.593234,0.180606891193387,1.673666
CC(CCCCO)C1CCCCCCO1,9.2669,8.744162,0.0564091551651578,0.522738
COCOC1CC(OC(O)C(C)C)CCO1,9.2781,8.6533575,0.0673351763830957,0.6247425
CCCC1CCCC(C)CCCN(COC)CO1,9.2781,8.510584,0.0827234024207543,0.767516000000001
CCC12CCC3C(C)C(C1)OC(C)C2C3C,9.2781,8.874699,0.0434788372619395,0.403401000000001
C=CCCC(CC)OC(CO)OC,9.2781,7.9155746,0.146853924833748,1.3625254
CCCCC1CCCCCCCCC(C)(C)CC1C,9.2794,9.81139,0.0573302153156453,0.531989999999999
CC1CCCCC(C)CCC(C)CC1,9.2917,9.528654,0.0255016842988903,0.236953999999999
OCCCCCC1C2COCC1(OO)C2,9.2917,8.362456,0.10000796409699,0.929244000000001
CC1CCCCC(C)OC(C)(C)O1,9.2917,8.593608,0.0751307080512716,0.698092000000001
CCCC1CNCCCCCC(C)(CC)O1,9.3562,8.071327,0.137328509437592,1.284873
CC1CCCCCCC(C)C1O,9.3562,8.427294,0.0992824009747547,0.928906
CCCNC(CCCOCC)CC1C(C)CCC1O,9.3562,8.273449,0.115725508219149,1.082751
CC(C)CCCCCC(C)CC(C)O,9.3621,9.022745,0.0362477435618076,0.339354999999999
CCCCCC1CCCCC(CC)CC1,9.3621,9.622313,0.0277942982877773,0.260213
CC1CC(CCO)CCCCCC1N,9.3621,8.259673,0.117754243171938,1.102427
CCCC(CCC)CCCC(C)OCC,9.4283,9.060233,0.0390385329274631,0.368067
CCCC(CCC)C(CC)C(C)COC,9.4283,8.587786,0.0891479906239726,0.840514000000001
CCCCCC(C)OCC(=O)CCC,9.444,6.933292,0.265852181279119,2.510708
CCC1CCC2CC3CCCC(C(CC)C2)C(C1)C3,9.444,8.937402,0.0536423125794155,0.506598
CCCCNC(CCC)C1(C)CC1O,9.4485,7.7416897,0.180643520135471,1.7068103
CC1OC1N(C(C)C)C(C)C,9.4485,8.361875,0.115005027253003,1.086625
CCCCCCCCCC(CC)C(C)CC,9.4757,10.013958,0.0568040355857616,0.538258000000001
C=C(CC)CC(CCOO)C(O)CC,9.4969,6.6247587,0.302429350630206,2.8721413
CCCC(C)CC(C)CCC(O)CC,9.4969,8.8704,0.0659688951131422,0.6265
CCCCCCCCCCC(C)CCCCO,9.4969,9.049661,0.0470931567142962,0.447239
CC1=CC=CC=CC(C)COCCCCCC1,9.4969,4.6885295,0.506309479935558,4.8083705
C=CCCC(CCC)CCCCC,9.5498,7.6158934,0.202507549896333,1.9339066
CCC(C(C)C)C(OC)OCOC,9.5498,8.9687605,0.0608431066619195,0.581039499999999
CCCCCCC1CCC(CO)CCCN1,9.5689,7.6383715,0.201750305677769,1.9305285
CN=CC(CNCCC=O)OOC,9.5689,6.3626533,0.335069516872368,3.2062467
CCC(O)C(N)C(O)CC1CC(C)CC(C)C1,9.5689,8.318041,0.130721295028687,1.250859
CC(C)CCOCC1(C)OCC1C,9.5689,8.802699,0.0800720040966045,0.766200999999999
CCCCCCCNC(C)CCC(C)CC,9.5886,7.6535616,0.201806144796946,1.9350384
CCCCC1(C=O)OCCC1C,9.5886,7.429266,0.225198047681622,2.159334
CC1CCCN(C)C(C)CC1,9.6055,7.9822373,0.168993045650929,1.6232627
CC1CCC(C)(C)C(C)(C)C(CO)C1,9.6398,8.497676,0.11848005145335,1.142124
CCCCC(CCCCOCC)C(C)CCC,9.6398,9.006597,0.0656863212929729,0.633203
CC(O)=CC(C)CCCC(C)C,9.6506,7.205268,0.253386525190144,2.445332
CCC1CCCCCC(C)C(OC)O1,9.6644,9.08063,0.0604041637349449,0.583770000000001
CCC1CCC(C)CN(CC)CC1,9.6644,8.060186,0.165992094698067,1.604214
CCCCCC(C)OC(C#N)CC,9.6644,8.336182,0.137434087993047,1.328218
CCC1CCCC1COCCCCC(C)C,9.6644,8.82402,0.0869562518107694,0.84038
CCCCCCOCCCCC(CCC)OO,9.6763,8.679337,0.103031427301758,0.996962999999999
CCCCCOOCCCC(C)CCCCOCC(C)C,9.6913,8.985222,0.0728568922641957,0.706078
OOC1CCCCCCCC12NCCCNON2,9.7336,7.2601852,0.254110996958987,2.4734148
CCCCCCCCCCCCCCCCCCCC,9.7336,9.9402075,0.0212262164050301,0.2066075
CCC(COOO)CC(C)C1CCC(C)C(C)(C)CC1,9.7408,8.572608,0.119927726675427,1.168192
CC(C)CCCC(O)CCC(C)C,9.7484,8.6699915,0.110624153707275,1.0784085
CCC(C)CCCONC(C)(C)CC,9.7484,8.059576,0.173241147265192,1.688824
CCCCC(OC(C)OCC)C(C)=O,9.7484,7.195698,0.261858561404948,2.552702
CCCCCCC(C)CCCC1CCC1,9.7484,9.805268,0.00583357268885147,0.0568679999999997
CC1CCC2CC(CCCC1CCCCO)C2,9.7484,9.554421,0.0198985474539412,0.193979000000001
CCCCCC1CCCCC(C)CCC1,9.7484,9.196356,0.0566291904312503,0.552044
CCCCCCC(CC(C)N)C(C)CC,9.7537,8.171788,0.162185837169484,1.581912
CCCCCC(OCC)C(C)(C)C,9.7537,8.337554,0.145190645601156,1.416146
CCCCCC1CC=CC=C(O)C=C1C,9.7677,5.3210297,0.455242308834219,4.4466703
CCCCCCC(CCCCCO)C(C)CC,9.7677,8.808803,0.0981701935972645,0.958897
CCCCCCC1CCCC(C)C1,9.7726,9.736602,0.00368356425106943,0.0359980000000011
CC1OCCC2CC(C)C3(C)CC1C3C2,9.7799,9.011932,0.0785251382938476,0.767968
CC1CC(C)C(C)CCCCCCCO1,9.7904,9.145989,0.0658207019120771,0.644411
CCCCC(CO)C(CCC)OC,9.7904,8.528496,0.128891975813041,1.261904
CCCOCCCCCC(C)C1CCCO1,9.8094,8.975982,0.0849611597039574,0.833418
CCCCCCCCC(CO)CCCC=O,9.8094,6.8804555,0.298585489428507,2.9289445
CCCC(CCC)CCCCCOO,9.8362,8.208338,0.165497041540432,1.627862
CCCCCC(C)CCCCCC(C)CC,9.8374,9.966385,0.0131116961798849,0.128985
CCCCCC1CCC(C2CCCC(C)C(C)C2)C1,9.8374,9.495445,0.0347607091304613,0.341955
CC1CCCCC(C)C(C)(O)C1,9.8586,8.846298,0.10268212525105,1.012302
CCCCOC(C)CC(C)CC,9.8631,9.127298,0.0746014944591457,0.735802
CCCCC(CCC)CCCOO,9.8694,8.5735235,0.131302460129289,1.2958765
CCCCCCCCCC(CC)CCCCO,9.8877,9.448509,0.0444179131648413,0.439191000000001
CC(C)OC(C)CC1CCCC(C(C)C)C1,9.8877,9.260845,0.0633974534017012,0.626855000000001
CCC(CC)C(=CC1CCC(OC)C1)OO,9.9229,6.3294454,0.362137540436767,3.5934546
CC(CCOCC(C)(CO)CCCO)OO,9.9229,8.067684,0.186963085388344,1.855216
CCCCNC(C)CC1CCCCCCC1C,9.9457,8.117642,0.183803854932282,1.828058
CC.CCC1CCCCCCC(C)CCC1,9.9457,9.081952,0.0868463758207065,0.863748000000001
CC(C)CNN1CC1CC(C)C(C)CO,9.9457,7.742227,0.221550318227978,2.203473
CCCC(CO)CCOCCC(CC)CC,9.9457,8.922487,0.102879938063686,1.023213
CCCC(CO)CCOCCC(C)N,9.9585,7.9789186,0.198783089822765,1.9795814
CC1CCCC1CCCCC1CCCC1,9.9585,9.500523,0.0459885524928454,0.457977000000001
CC1CCC#CCC(PCCO)O1,9.9664,7.946836,0.202637261197624,2.019564
CCC(C)CCC(O)C(C)CC,9.9664,8.737442,0.123310122009953,1.228958
CCCCC1C(C)C1CCCCC(C)C,9.9745,9.748009,0.0227070028572862,0.226491000000001
CCCCCCC1CCC(CCCCC)C1,9.9745,9.617,0.0358413955586746,0.3575
CCCOCCCNC(C)CC1CCCCO1,10.0143,7.3792815,0.263125580419999,2.6350185
CCCCCOCCC1COCC1C,10.0143,8.457792,0.155428537191816,1.556508
COCCONCCCC(C)(C)C(C)CNON,10.0381,7.4263763,0.260181080084877,2.6117237
CCC[SH](CC1CC(OC)O1)OC,10.0381,5.9653764,0.405726541875455,4.0727236
CC=CC(C)(CO)CCCC,10.1204,8.027124,0.206837279158926,2.093276
CC1CCCC(C(C)C)CCC1,10.1204,9.773867,0.0342410379036403,0.346533000000001
CCCC(C)CC(C)CC(C)C(C)(CC)CCC,10.1204,9.477817,0.063493834235801,0.642583
CCCCCCCCC1C(C)CCCC1C,10.1204,9.89659,0.0221147385478835,0.22381
CC(OCO)C(CCCCC(C)C1(C)CC1OO)OO,10.1396,8.331219,0.178348356937157,1.808381
CCC(C(C)CO)C1CCC(C)C(C)C1,10.1396,9.3432455,0.0785390449327389,0.7963545
CCCC(O)CCC(C)CCCO,10.1396,8.177025,0.193555465698844,1.962575
CCC1CCCCC(C)CCC1C,10.1396,9.689471,0.0443931713282576,0.450129
CCCC(OC)OC(C)C1CCCC1,10.1396,9.004092,0.111987455126435,1.135508
CC1CNCC(C)C(CN)COCC1O,10.1414,7.8249497,0.228415238527225,2.3164503
CCC1CCCCCC(CCCCCC(C)C)CC1,10.1801,9.851489,0.0322797418492941,0.328610999999999
CCCCC1CCC(C)CCCCOC1,10.1801,8.893273,0.126406125676565,1.286827
CCOC(COO)C(C)CC(C)=O,10.1862,6.4960985,0.362264779800122,3.6901015
COCCCC(O)OC(C)(C)C,10.1862,8.765135,0.139508845300504,1.421065
CC(CO)COCC1CC(C)C1O,10.208,8.898578,0.128274098746081,1.309422
CCCC1CCC(CCN2CCOC2C)CC1,10.2149,8.549209,0.163064836660173,1.665691
CCCCC(CCCC)CC(O)OCCC,10.2149,8.806196,0.137906783228421,1.408704
C=C(C)OCCCCCCCCO,10.2149,7.4745865,0.268266307061254,2.7403135
COCCOCCCCC(CC(CO)OO)OCO,10.2149,8.928303,0.125952970660506,1.286597
CCSCCC(O)(ON)C(C)C,10.2752,7.8954954,0.231596912955466,2.3797046
CCOC(CC)C(CN)(COC)CC(C)CC,10.2752,8.412952,0.181237153534724,1.862248
CC(CCO)CCCCCC(O)COO,10.3278,8.613592,0.165979976374446,1.714208
CCCCC1CCCOCCC1C1CO1,10.3278,8.511373,0.175877437595616,1.816427
CCCC(C)CCC(COC)C(C)CC,10.3278,9.219351,0.107326729797246,1.108449
CCCCCC1CC1OC(O)CCCCCOCOC,10.3278,8.820791,0.145917717229226,1.507009
CCC1CCC2CCC2(C)CCC(C)C1,10.3445,9.157047,0.114790758374015,1.187453
CC(C)CCCCCCCCCC(C)CO,10.3445,9.094591,0.120828362898159,1.249909
CCCCCCCCC(CC)C(C)CO,10.367,9.157076,0.116709173338478,1.209924
CCCCCC(C)CCCCC(CC)CCC,10.4078,9.83597,0.0549424470108957,0.57183
CCCCCCCCC(C)CCOC(C)CC,10.4078,9.299546,0.106483022348623,1.108254
CCC(C)CCCCCOC(CC)COO,10.4078,8.42735,0.190285170737332,1.98045
CCCCC1CCCC(C)C1CCCCCO,10.4078,9.170257,0.1189053402256,1.237543
CCCCCCCCC1OC1OC(O)CC,10.4087,9.0861225,0.127064619020627,1.3225775
CCCC(CCC1CC1)C1CC1C1CC1,10.4087,9.05501,0.13005370507364,1.35369
CCOC(CO)CCC(C)O,10.4097,8.996402,0.135767409243302,1.413298
COC1CCC(C)CCCCNC1,10.4097,8.025324,0.229053286838238,2.384376
CCCC(C)CCC(CCC)(CCC)COC,10.4097,9.218219,0.114458725995946,1.191481
CCCC(CCC)OCCOC(C)CCO,10.4157,8.335164,0.199749992799332,2.080536
CCCC(C(C)O)C(C)(C)CC,10.4157,8.609581,0.17340351584627,1.806119
CCCC(C)OCN(C)C(C)CC,10.4223,8.078756,0.224858620458056,2.343544
CCCCC1CCC1CCC(C)C,10.4223,9.515126,0.0870416318854763,0.907174
CCCCC(C)CCC(C)OC,10.4223,8.87094,0.148850061886532,1.55136
COCCCCCC(O)OCCCOC(C)(C)C,10.4747,8.67724,0.171600141292829,1.79746
CCC1CCCCCCCCC(C)C(C)CC1,10.4747,9.732974,0.0708111926833227,0.741726
CCC1CC2CCC1C(C(CC)OC1CC1C)CC2,10.4978,8.856406,0.156355998399665,1.641394
CC(C)CCCOC(COO)C(C)O,10.4978,8.515746,0.18880660709863,1.982054
CCC1CC2CCCCC(CCC2)C1,10.4978,9.182265,0.125315304158967,1.315535
CCCC1C(C)CCCCCCC(CC)C1O,10.4978,8.68926,0.172278001104993,1.80854
CCCC(CCOC)CCOC1CCCC1,10.5162,8.63677,0.178717597611304,1.87943
CCCCOC1CCCCCC(C)CC1,10.5162,9.25304,0.120115631121508,1.26316
CCCCOCC(C)C1CC(CCCC)O1,10.5547,9.008453,0.146498431978171,1.546247
CCCC(C)CCCCCCCCOCO,10.5547,9.023464,0.145076221967465,1.531236
CC#CC(C)C(CC(C)CCl)C(C)CC,10.5547,8.4153595,0.202690791779965,2.1393405
CCCCCOCC(CCC)CCOC(CCC)CCC,10.5547,8.9563875,0.151431352857021,1.5983125
CCCCCC1OCCC(CNCO)CCCC1C,10.5637,7.551732,0.285124340903282,3.011968
CC1CCCCCCC(C)(O)CC1C,10.5637,9.009374,0.147138407944186,1.554326
CCCCCCC(CCO)CC1CCC1,10.5824,8.740086,0.174092266404596,1.842314
CCCCCC1OCCC(C)C1CC,10.5955,8.789233,0.170474918597518,1.806267
CCCC(CCC)OCCC(C)CC,10.5955,9.074103,0.143588976452268,1.521397
CCC(C)CCC(CC)(CC)C1CC(C)C1,10.641,9.198316,0.135577859223757,1.442684
CCCCC1CCCCCC(C)OC1,10.6754,9.092531,0.148272570582835,1.582869
CCCCOCCOC(C)CC(C)CCCO,10.6942,8.226083,0.230790241439285,2.468117
CCC(C)CC(CC)C(C)CCO,10.6942,8.575223,0.198142638065494,2.118977
CCCCCC(CC)CC(C)CO,10.6982,8.739025,0.183131274419996,1.959175
