SMILES,des_gap,pred_gap,Err_pred_des,AE,DFT_gap,RE_dft_des,RE_des_dft,RE_dft_pred,RE_pred_dft
O=C1C=CC=CC=CC2=CC=CC2=S2C=CC=CC2=C1,1.2181,1.9205086,0.576642804367458,0.6024086,1.8760023999999995,54.01054100648548,35.069379442158485,2.317417375793084,2.3723956856345443
NC1C=CC=CC=NC2=NC=C2C=C=NN1,1.842,2.3650734,0.283970358306189,0.5230734,2.3493581999999997,27.543876221498355,21.59560853683358,0.6644698638105804,0.6689145997404851
N=C1C=CC=CC=CC=CNSCSC1,2.2841,2.2831516,0.0004152182478875,0.0009483999999999,2.3779391999999997,4.108366533864528,3.946240509429328,4.151612183790145,3.986123783148016
O=C1C=CN2C=CC=CC2=CN=CC=CS1,2.4169,2.3515332,0.0270457197236129,0.0653668000000001,2.8923972,19.673846663080806,16.43955401422737,23.00048325917746,18.699506416338668
NSCC=CS1=CC=CC=C1SCC#[SH],2.4193,2.4464207,0.0112101434299178,0.0271207000000002,3.1632362,30.750059934691865,23.518199494555617,29.300581866397714,22.66082754111122
NSCC=CS1=CC=CC=C1SCC#[SH],2.4193,2.4464207,0.0112101434299178,0.0271207000000002,3.1632362,30.750059934691865,23.518199494555617,29.300581866397714,22.66082754111122
O=C1C=CC=CC2=CN=CC2=CC2=CC=CC=CC2=CC=C1,2.5026,2.087901,0.165707264444977,0.414699,3.1093406,24.244409813793645,19.513481411460674,48.921840642827405,32.85068223146734
CSNC1=CC=CC2=CC=CN=NSS[SH]21,2.5944,1.8802221,0.275276711378353,0.7141779,2.0586486,20.650300647548555,26.024422040750405,9.489650185475442,8.66716641198504
OC[SH]=CC1C=C(C=CC=S)C1,2.6276,2.9540524,0.124239762520932,0.3264524,2.426663,7.647168518800432,8.280383390689195,17.85308209157021,21.73311250882385
CSC1=CC=CC=CC=C1SCSC=N,2.6386,2.7124429,0.0279856363222922,0.0738429000000003,4.186436,58.661259758963084,36.972642123276216,54.3419033816343,35.20878140738326
COC1=C2C=CC=C=C=CC=CN=C2C=C1,2.6442,2.427999,0.0817642387111415,0.216201,3.3006972,24.827819378261857,19.889652404346574,35.94310376569349,26.4398139883901
O=CC[C]Nc1ccc2cccccc1-2,2.6505,2.496972,0.0579241652518393,0.153528,3.1716743999999997,19.663248443689856,16.432153313089128,27.020823621570432,21.272751074322123
CCCCCC=CC(N)=CC[SH]=CC=CC=O,2.7009,3.1465955,0.165017401606872,0.4456955,3.2870871999999993,21.703402569513848,17.83302858530798,4.464879581757465,4.274048464549382
[CH]C1SC=CC2=CC2=CN=CC=C1C,2.7196,2.2816677,0.161028202676864,0.4379323,2.7908666,2.6204809530813504,2.55356526177211,22.31696140502845,18.245189504937294
[CH]C1SC=CC2=CC2=CN=CC=C1C,2.7196,2.2816677,0.161028202676864,0.4379323,2.7908666,2.6204809530813504,2.55356526177211,22.31696140502845,18.245189504937294
N=C1C=CC=CC1(S)SSS,2.7271,2.990769,0.0966847567012576,0.263669,3.9882743999999994,46.24599024604889,31.622056897589584,33.3528065858647,25.010952105000595
CON1C=NC=C2C=CC(=N)C=C2CC1,2.7472,2.4623866,0.103674068142108,0.2848134,4.148055800000001,50.99213016889927,33.771382728265145,68.45672405787138,40.6375729082526
Oc1ncc2c(cccnc[nH]o1)C=C2,2.7697,3.521774,0.271536267465791,0.752074,3.5742582,29.04856843701485,22.509795179318612,1.4902773431798824,1.4683941971511703
Cn1cnccc2ccssc=2c1=S,2.8538,2.0526063,0.280746268133716,0.8011937,2.6324461999999995,7.756458055925454,8.408673271271438,28.248958409608292,22.0266571829654
C=NCC(C)=NN=C(C)C(=O)OCC,2.8739,3.3303437,0.158823793451407,0.4564437,4.409912199999999,53.446960576220434,34.830902075556054,32.41612870167122,24.48049872738962
OCC=CC1=CN=CC2=CC2=CC=CN1,2.888,2.4826117,0.140369909972299,0.4053883,2.0831466,27.868885041551238,38.636426260158544,16.09051870657018,19.176043587138803
CCCC1=CC=C(CS)SC=C1,2.073,3.502519,0.689589483839846,0.429519,4.2691848,105.94234442836468,51.442720399454245,21.888983328855595,17.958131023046832
CC1=CC2=CC=CC=Cc3coc(=O)cc3C2=C1,3.0936,2.733224,0.116490819756918,0.360376,3.0197868000000003,2.385996896819226,2.4443182545204705,10.484424255018999,9.489504358387169
CC1(C)C=C(C=S)C(S)=CS1,3.0998,2.2916603,0.260707045615846,0.8081397,2.9620804,4.442854377701789,4.649421399905284,29.254776547815563,22.63342007867173
O=c1cccc([SH](=O)=S)cn1,3.157,2.3537538,0.254433386126069,0.8032462,3.2203982,2.0081786506176735,1.9686447470999073,36.819670774403015,26.911094410622894
CC=C1C=CC(CC)=C(CS)C=C1,3.1987,3.770505,0.178761684434301,0.571805,3.2438073999999997,1.4101791352736917,1.3905696127334681,13.968887456719997,16.237018264401282
O=C1C=CC2=CCN2C2CCC1S2,3.2501,3.7033427,0.139455001384573,0.4532427,3.8970873999999998,19.906692101781466,16.601819091868446,5.231616830924124,4.971525657854117
C=C(O)CCSC1[SH]=CCC(CC)=CC1SC,3.318,3.4965565,0.0538144966847498,0.1785565,4.6080738,38.88106690777576,27.995944856612315,31.788912891869458,24.121082869809936
CN(C)CC1=C(CCN=N)SC=CN=N1,3.3693,3.678713,0.0918330216959013,0.309413,3.9820138,18.185195737987115,15.387033565780206,8.244752988341295,7.616769183471933
N=C1C=CC=CC2(CC2)NC=C1,3.4629,3.3220239,0.0406815385948193,0.1408761,4.5800372000000005,32.26016344682205,24.39144380748699,37.868881677822976,27.467316204331272
CC(=O)NCCC1C=C(O)C2=C(O2)C1=O,2.4694,4.2473483,0.719992022353608,0.7779483,5.201469799999999,110.63698874220455,52.52495746490732,22.463933555908273,18.34330557874237
C=C1C=CC=C(C(=C)CC(=CNO)CNO)N1,3.5751,4.0262733,0.126198791642192,0.4511733,3.4003224,4.88874716791139,5.14003025124912,15.546657004133325,18.408575022180244
CC(C)NC1Sc2c(csc2N)N=C1CO,3.6056,3.9543393,0.0967215719991125,0.3487393,3.9085197999999997,8.401370090969596,7.750243455335694,1.1587144279703148,1.1722980141996555
COc1ccc(O)c2c3ccc(c1-3)CC2,3.6632,3.6951437,0.0087201626992793,0.0319437000000002,3.6711613999999995,0.21733457086699268,0.21686325204878423,0.6490221205741084,0.6532619350377941
C1=CC=NC(Nc2ccccc2)=CC=C1,3.6871,3.1604621,0.142832551327602,0.5266379,3.3151238,10.088584524422993,11.2205824711584,4.893641977228573,4.66533708333908
C=C(CCC)C(CC)C(=S)S,3.782,4.0222416,0.0635223691168694,0.2402416,4.035092799999999,6.692035959809604,6.272291928453276,0.31950343311051166,0.3184858598543056
CC=C1C=C=CC=CC=C1C(=O)O,3.7981,3.657597,0.0369929701692951,0.140503,3.9283904,3.4304099418130187,3.316635739665799,7.4035876560484954,6.893240549615437
CN(C)CC(C=O)CSCCP=O,3.8216,5.119889,0.339723937617752,1.298289,3.1523481999999996,17.512345614402356,21.230262570613252,38.42936438661073,62.41508472953592
CCNC1NC1C1CCC=CCNCC1,3.8512,6.536631,0.697297206065642,2.685431,6.1481814,59.64326443705858,37.36033878245688,5.942657616744765,6.318121973434282
O=C1C=CN2C=C=C=CCC2CC1,3.9289,3.80298,0.0320496831174121,0.12592,3.7615317999999993,4.2599251698949,4.449469229530394,1.089887404088386,1.1018968389420634
CC(C)c1c(CS)cccc1SN,3.9952,4.6482997,0.16347109030837,0.6530997,5.3699616,34.41033239887865,25.60095774241663,15.52528766593944,13.43886518667098
O=C1C=C2C=C1C1CCCC1C2,3.0031,4.367683,0.454391462155773,0.364583000000001,7.0970706,136.3248176883887,57.68535823780589,62.49051499387661,38.4579462968848
C=C(OCC)c1coc(=O)cc1C,4.0184,4.690561,0.167270804300219,0.672161,4.7727547999999995,18.772516424447534,15.805437983111972,1.752323442760893,1.7221458768424427
CC1CC=C(CC=O)CC1CC=N,4.0282,4.612246,0.144989325256939,0.584046,5.7573022,42.92493421379275,30.033202009093774,24.826433802533515,19.888763178003753
CON[PH]([PH](=O)CO)=[SH](=O)S,4.0953,4.06036,0.0085317314970819,0.0349399999999997,4.788814599999999,16.9344028520499,14.481968042780347,17.9406407313637,15.21158492959822
CC1CCCCC2=CSC=CNSN21,4.0953,4.572816,0.116600981613069,0.477516000000001,4.2893276,4.73781163773106,4.52349687629362,6.199427223837574,6.60915710891377
COCC=C1C=C1CC1C=CC(=N)CS1,4.1546,4.0488567,0.0254521012853224,0.1057433,3.9139638,5.792042555239984,6.1481457748791755,3.3316293955278806,3.446452417367787
C=CCCNC=CCSC(=C)NC=NO,4.1707,4.2423334,0.0171753902222648,0.0716333999999996,5.285035199999999,26.718181600210976,21.084726171738637,24.578497295851378,19.729325549241373
C=CNCC(OO)=C(C)CNSC,4.2316,4.646054,0.0979426221760091,0.414454,5.1791494,22.39222516305888,18.295463730009406,11.474154196227586,10.293107204051685
CC(C)CC#CC1=NCC=CC=C1,4.3253,4.072877,0.0583596513536634,0.252423,4.7683995999999995,10.244366864726127,9.2924175230616,17.076936033177518,14.586080411549391
CN1C[N]SC=C1SNNCO,4.3657,3.8136687,0.126447373846119,0.5520313,4.593374999999999,5.215085782348735,4.956595096198303,20.445045475502344,16.974584047677343
CCC(=CCCO)c1cccc(C)c1CC,4.3826,5.6717243,0.294146009218272,1.2891243,6.2927196,43.58416465112033,30.35443689561505,10.948968376336623,9.86847244870087
C#CC1C(C(N)CNO)=CC=CN=C1C(N)C=C,4.3875,4.096159,0.0664025071225071,0.291341,4.6823844,6.7210119658119645,6.297740100107969,14.3115880023212,12.519805080505563
C=CCC1=CCC(OC)C=CC1,4.3875,4.856336,0.106857207977208,0.468836,6.381728999999999,45.452512820512794,31.249039249394627,31.410367816394903,23.90250353783433
C1=CC2=CCC=C2C2=C(CC2)NC1,4.3875,3.7604604,0.142915008547009,0.6270396,3.8086224000000004,13.193791452991446,15.199133418949584,1.2807474318836194,1.2645517182275796
COC1=c2ncccc2=CCN1CCCO,4.3927,4.027194,0.0832075944180117,0.365506,2.9550032,32.72922803742572,48.65296930981325,26.623768311136725,36.28391333044917
CC1=CC=CC1C=NOC=NN1CN1,4.4397,4.0095477,0.0968876951145349,0.430152300000001,5.2662534,18.617325494965872,15.695283481801308,31.342829516655968,23.863373152533836
CCC=C=CC=CSC,4.4524,4.2334876,0.0491672805677836,0.2189124,4.7790154,7.3357155691312474,6.834365923993459,12.886013886045147,11.415066793883936
CC(O)SCSS[O],4.4533,4.7377815,0.0638810544989109,0.2844815,4.9028664,10.09512945456179,9.1694605425104,3.4844346452026143,3.3671099012610277
O=C(C=CCCOO)C1CCC1=O,4.4576,4.13642,0.0720522254127782,0.32118,4.835360799999999,8.47453338119165,7.81246354977273,16.89723964200925,14.454780706333208
O=C(O)n1ccc(=O)c2c1CC=CC2,4.4801,4.9019437,0.0941594384053928,0.4218437,5.040055199999999,12.498721010691707,11.110100540168673,2.8174844194966795,2.740277527119129
OCCCCCCC=NNNCC=C=NOO,4.486,4.7599907,0.0610768390548374,0.273990700000001,5.3321258,18.86147570218458,15.868451565790146,12.019668441789175,10.729962522639651
CC=CC1CC=C1C1C=CC=C1,4.5117,5.0208354,0.112847795731099,0.5091354,5.369145,19.0049205399295,15.969861123139706,6.937283783491477,6.487245175907887
C=C1C(=NC)C(CS)CSCC1C,4.5178,4.9267473,0.0905191243525609,0.408947299999999,5.6176636,24.34511487892337,19.578666120199863,14.02378197883217,12.298997398135418
CCOCCC=CNCCC=CC1C=CC=CC=C1,4.519,4.0461316,0.104640053109095,0.4728684,4.281706,5.251028988714325,5.542043288352828,5.822212999695807,5.501881726582815
CCC(OCOC)C1=C(C)c2ccncc21,4.5269,4.9815283,0.100428173805474,0.4546283,3.9624153999999994,12.469561951887627,14.245972292556736,20.457836202596713,25.71948665452897
CCC1=CC2(C1)CC2C1=CC=CC=CC1,4.5961,4.0085425,0.127838275929592,0.5875575,4.857136799999999,5.679528295728975,5.3742937608839725,21.16964707247084,17.47108090511265
CCCC1CC2=CC=CC=C1CCCN2CCC,4.5961,3.9487295,0.14085213550619,0.6473705,4.4836784,2.446021627031619,2.5073519991978066,13.547367577343545,11.931027434973924
CCC1CCC=CC2=C(C=C2)N1C,4.5978,4.762956,0.0359206577058592,0.165156,2.629452,42.81064857105573,74.85772700927798,44.7936953438159,81.13873156840283
O=C(S)CSC1SC1C1CCC1,4.6343,5.8151326,0.254802796538852,1.1808326,5.5316484,19.36319185205965,16.222079479961167,4.874939567156219,5.124768956754377
CCC1(CS)CCOCC(C)C1=O,4.6343,5.50848,0.188632587445785,0.87418,5.804665,25.254407353861435,20.162489997269443,5.376891628906711,5.102533910225661
C=C(C)C=C=C1CN(CCSC)C1C,4.661,4.842265,0.0388897232353574,0.181265000000001,5.1440356,10.363346921261533,9.390207175082537,6.232013324343036,5.866417409708427
[CH]N=CN1C(=O)C1C,4.6822,4.346831,0.071626372218188,0.335369,4.664147,0.38556661398488096,0.38705898420440216,7.299938736978731,6.80330186848742
CNNCC1=CNC(=O)CN=CC1,4.6886,4.454086,0.0500179157957599,0.234514,5.6721036,20.976487650897916,17.339309528831592,27.346072796977865,21.47382498443787
C=CN(C)C[SH](COC)C1C=CC=C1,4.695,4.098742,0.126998509052183,0.596258000000001,5.0079356,6.665294994675174,6.248794413410576,22.1822598250878,18.155057744752153
C=C(C)CC=C1SC2=CC=C(CC1C)C2CCC,4.6954,3.7355754,0.204418068748136,0.9598246,5.447266399999999,16.01282957788472,13.802636860205682,45.82134789730115,31.42293536442424
CCCCCCCC=CC1=CCCC=C1,4.71,4.5460377,0.0348115286624203,0.1639623,4.6497204,1.2798216560509623,1.296413435956285,2.2807267964363636,2.2298695637698853
CSc1cc1=[SH]CCCCO,4.7129,4.3127685,0.0849013346347261,0.400131500000001,5.7450532,21.90059623586326,17.965946773129964,33.21033113648461,24.930747377587387
CCC1C=CCC(CCCC=O)C2C(C)C(O)C12,4.715,4.749574,0.0073327677624602,0.0345740000000001,5.951653,26.228059384941687,20.778311504383744,25.309196151065343,20.19739726089542
CCNCCC1CC=C(CNC)C1,4.7301,6.814562,0.440680323883216,2.084462,6.5630142,38.750009513540924,27.92793286962566,3.6913274837032812,3.8328090163205806
CC(N)C1=CC=C(C(=O)OO)C(C)C1,4.7387,4.2028313,0.113083482811742,0.5358687,4.4474758,6.145655981598316,6.54807835042069,5.82094503769401,5.500749436343208
C=C(C)C1C=CC=C(CC)N1,4.8,4.518285,0.058690625,0.281715,4.513076,5.977583333333333,6.357615072292157,0.11528710561639643,0.1154201701899059
O=C1C=CCC(CNOO)CC=CCO1,4.801,4.9635363,0.033854676109144,0.1625363,5.631817999999999,17.30510310352008,14.752216779732565,13.463822154378095,11.866180689787896
CC(S)CC1(C)C=CC2SCC21,4.8066,4.970793,0.0341599051304455,0.164192999999999,5.6737368,18.040544251653973,15.28334553693079,14.141482053265964,12.389432657503619
CCC1=CCCCC(CC(C)CO)CC1,4.8214,7.1185274,0.476444061890737,2.2971274,6.914424400000001,43.411133695607106,30.27040689026842,2.867208181287594,2.9518436849204543
C=CC(C)C(CCC)OCCCO,4.8583,7.3548126,0.513865467344544,2.4965126,7.1686592,47.554889570425864,32.228609779636336,2.5310420553747384,2.5967673285403254
O=C1SC=C2N=CCC1N1CCN21,4.9632,4.3140297,0.130796723887814,0.6491703,4.4305994,10.73099210186975,12.020960414520875,2.7021070346363247,2.6310142144649844
N=CCNNCCSCC1SCC1O,5.0107,5.723264,0.142208473865927,0.712564,5.2741472,5.257692537968745,4.995067259404514,7.847214456645728,8.51543923537061
O=CC1C(=O)OC(CCO)C=C1CO,5.052,5.607836,0.110022961203484,0.555836,5.6459724,11.757173396674588,10.520285221373031,0.6800555508399311,0.6754620337853575
CCC1=C=CN=C(C(CCCC(C)N)COO)C1,5.052,4.406426,0.127785827395091,0.645574,3.6254318,28.23769200316706,39.34891838263238,17.723983110121445,21.542101550496685
CCCCCNCC=CCCNCC(N)S,5.0563,5.520609,0.0918278187607539,0.464309,6.481082,28.178351759191493,21.983705807147626,17.397953740248575,14.819639683620721
C=CCCC(C)=C(O)CO,5.0735,6.21289,0.224576722183897,1.13939,6.2192256,22.582548536513247,18.422319331847355,0.10197508727822135,0.10187120402900139
C.C=C(O)CC(=C)C(C)CC,5.0742,5.735248,0.13027629971227,0.661048,6.8651561999999995,35.2953411375192,26.087624925416836,19.70112190440586,16.45859419775473
CCC(=O)CC=C(C)CC(O)CCCCN,5.0763,5.4582205,0.0752359986604418,0.381920500000001,5.5918046,10.155124795618855,9.218930861782972,2.447392881984143,2.3889264657066045
NCC1=NC(CN)CCCC(O)CC1,5.0763,5.9010963,0.162479817977661,0.8247963,6.4192925999999995,26.456131434312386,20.92119309221081,8.78135644049733,8.07248293994263
CCC1C=CC=CC=C(C)CC(O)C1,5.0763,3.9061685,0.230508736678289,1.1701315,6.3945224,25.968173669798865,20.61486875079208,63.7031889433341,38.91383506608718
C1=NCN2COCCCCCC(C2)NN1,5.0783,6.453611,0.27082114093299,1.375311,5.402353399999999,6.381139357659049,5.998374708326181,16.289447876545417,19.459252702720292
CCCC1[N]C2N=C[C](N)N12,5.0815,4.8905087,0.0375856144839123,0.1909913,5.179693799999999,1.932378234773175,1.8957452658687837,5.913190584856729,5.583053963537367
CC1CC(CCCC(=N)O)C1O,5.1489,7.4028974,0.437762900813766,2.2539974,7.9403462000000005,54.21441861368448,35.15522031016734,7.259979045501845,6.768581450516614
CNNC(=O)C=CC=CC(C)NC,5.1489,3.758047,0.270126240556235,1.390853,4.6783014,9.139789081162979,10.059176606278525,24.48757027253783,19.67069500909026
OCC=CC=CCCN1CCCCC=NN1,5.152,4.46093,0.134136257763975,0.69107,4.258569,17.341440217391312,20.97960606015778,4.5362962431600735,4.75185443748829
CCC(CC)CCCC1=CC=CCCN1,5.1605,4.6035795,0.107919872105416,0.5569205,4.732197,8.299641507605845,9.050827765623444,2.7938585615823475,2.717923619832391
CC1=CC=CC2(CNC2=O)N(C)C1,5.1695,5.318562,0.0288348969919721,0.149062,4.7455348,8.20128058806462,8.933981476650441,10.774100217314384,12.075081611455053
N=CC#CCC(S)Cc1ccccc1,5.1695,4.321826,0.163976013154077,0.847674000000001,5.479385999999999,5.994506238514339,5.655487676903924,26.78404914959555,21.125724670610897
C=CC(N)(N)C1CCC=C(CC)CC1,5.1726,5.88318,0.137373854541237,0.71058,6.4056826000000004,23.838738738738748,19.249823586326308,8.881295489854129,8.156860597495106
CC(O)COC1C=CC(O)C(=O)COC1,5.174,5.9620676,0.152313026671821,0.7880676,5.287485,2.193370699652103,2.1462945048543838,11.31457482971176,12.758099550164207
CC(=C=CO)CCCCCCC=O,5.1781,4.8758235,0.0583759487070546,0.3022765,5.422496199999999,4.719804561518699,4.507079230410521,11.211905024863992,10.08156907514291
C=CCCC[SH]1CCCCCC1CC,5.1936,5.383629,0.0365890711645102,0.190029,4.8127682,7.332713339494766,7.91294706443581,10.603643007346907,11.861381564148472
CCCC(CN)N(CNCC=CC=O)COC(N)COCOC,5.1942,5.325021,0.0251859766662815,0.130820999999999,4.520153199999999,12.976912710330774,14.912034397418235,15.114828655135826,17.806206214426545
CCC1=CCCC(C)C2CC1=CC=CC2CC=O,5.1979,4.607436,0.113596644798861,0.590464,4.4352268,14.67271782835376,17.195810595300337,3.7376362905529272,3.882759727191407
O=C=C=C1CC12CC=CCC=N2,5.3047,3.8063686,0.282453560050521,1.4983314,3.3706525999999997,36.459128697193066,57.37901912525785,11.447025913360052,12.926754896069689
OCCNSC1CC=CC=CNCC1,5.3401,5.076118,0.0494339057321023,0.263981999999999,4.439854199999999,16.85821988352279,20.276472141810437,12.534456448805976,14.33073635616235
CCCOCCC(=N)OC1=C(O)C(OC)C1N,5.3647,5.975795,0.113910377094712,0.611095,6.2676772000000005,16.831830298059547,14.406887451064016,4.884407848662827,4.656943723904618
C=CCCC(=N)C(O)CCC1=CC=C1,5.3689,3.7702098,0.297768667697294,1.5986902,3.7013756000000004,31.058958073348354,45.051477618213056,1.8257392466594171,1.8596923803139436
CN(N)C=C1CC(S)CC1CCO,5.3699,5.2156343,0.0287278534050915,0.154265700000001,6.0390292,12.460738561239493,11.080078897449273,15.78705201781498,13.63455735567565
COC1=CN(CC2CC(C)C2)C(C)C1,5.3713,6.1082253,0.137196823860146,0.7369253,5.914905999999999,10.120566715692656,9.190441910657576,3.1649012684584608,3.268341035343599
CC=CCCCCCCCOC(CCC)CCO,5.3713,6.933063,0.290760709697838,1.561763,7.3232688,36.34071453837991,26.654337746007634,5.628187714434448,5.328300935778847
CCCCN1CC=C(CN)OC1C,5.3715,6.7854524,0.263232318719166,1.4139524,6.786762599999999,26.347623568835505,20.853279883401246,0.019308955730052976,0.019305228092107083
CCCC1=CC=CC1(N)C(O)OCOC,5.3716,5.6330853,0.0486792203440316,0.2614853,5.020456800000001,6.537031796857533,6.994248013447684,10.875540975742007,12.202644588038273
CNC1=CCNNC=CC=CCN(C)N=C1,5.3716,3.856814,0.281999031945789,1.514786,3.7846688,29.542989053540847,41.930517143270244,1.8705905962797278,1.9062487053028265
NCCC1=C2CNC(=O)OCCC1C2,5.3749,5.592407,0.04046717148226,0.217506999999999,4.7243032000000005,12.104351708868997,13.771275306800792,15.522900961965021,18.375277014396517
C=NCN=CSC(C)CCNCNN,5.4033,4.830998,0.105917124720078,0.572302,5.6143972,3.9068199063535287,3.759926355050195,16.216094479856956,13.953398238371875
C=CCNCCCCC1=CC(=O)C(C)CC1,5.4036,4.930735,0.0875092530905322,0.472865,5.015829399999999,7.176152935080326,7.730936781861053,1.725795444289728,1.6965170306629473
CCCCC=C=CCC(C)CCCCCC,5.4036,6.6302853,0.227012602709305,1.2266853,7.353210799999999,36.07985047005699,26.513734653166743,10.903384504434518,9.831426293395529
C1=CC=C(C2CCCC2)CCCC=C1,5.4051,5.040213,0.0675079091968697,0.364887,5.5444418,2.5779689552459786,2.5131799561860384,10.004116889504488,9.094311351595408
CCC(N)C=CC1CC2=CC=CCC2C1,5.4082,4.6004767,0.14935159572501,0.8077233,5.0054858,7.446362930365004,8.045456846566225,8.803633327824485,8.09130454430617
CCC(C)CCC=C(O)C(C)=N,5.413,5.5177693,0.0193551265472012,0.1047693,5.4973512,1.5583077775725016,1.5343971474844016,0.37004265473731474,0.37141705627249266
CC1CCC(N2NC2=O)CNC(CCN)C(=O)C1,5.4133,6.068698,0.121071804629339,0.655398000000001,5.6214744,3.845609886760401,3.7031992887844645,7.369350064873882,7.955628153354216
CC1N(CC(C)(C)C)CCC1(N)N,5.4133,7.0262737,0.297964956680768,1.6129737,6.7236122,24.205423678717242,19.48821795522354,4.307567751025699,4.501471694039703
CCC(=O)C1SCC1C=CC#N,5.4192,4.798812,0.114479627989371,0.620388,4.7885424,11.637466784765282,13.170137117298996,0.21400296573401895,0.2144619206044827
CC1C=CCCCC2CC=C1N(C)C2,5.4242,5.5076017,0.0153758526603002,0.0834017000000005,5.0977616,6.018185170163338,6.403563477742854,7.441353284497683,8.03960899230753
CCC1CCCOCOOC1C1CONN1,5.4242,6.9730606,0.285546366284429,1.5488606,6.7173516,23.84041148925187,19.250914303786033,3.667098490439053,3.8066936975578356
C=C(CCNN)N=C1CC(OC)C(N)NN1,5.4269,5.7328544,0.0563773793510107,0.3059544,5.890680199999999,8.545950726934336,7.873117946548848,2.7530055533941256,2.679245768595611
COCC(NN=NNNCN=O)C(C)OCO,5.4269,5.01818,0.0753137150122537,0.40872,3.2465294,40.177091894083176,67.16004481585782,35.30464431327693,54.57060083916075
O=CCSc1nnccc1-c1ccns1,5.4369,4.071106,0.251208225275433,1.365794,4.2278104,22.23858448748367,28.598482088979193,3.8491849634963993,3.7065143697077745
COCC1CCC(OO)CC(C=C=O)C(=O)O1,5.4401,5.7091866,0.0494635392731751,0.2690866,5.21263,4.181356960349999,4.3638240197366835,8.697501672129615,9.526028127835659
CC1=C(C(N)N)C(C)CCC(C)CC(C)CC1,5.4535,7.009725,0.28536261116714,1.556225,6.429364,17.89426973503254,15.178235358893968,8.27936901946939,9.026724882896673
C=NC(CCNC)C1CCCCC=CN1,5.4603,5.1798058,0.0513697415892901,0.280494200000001,5.1135492,6.350398329762111,6.781020118081598,1.2791328972217453,1.295706707974962
O=C(O)C1C(=O)CCC=C1CO,5.4894,5.382221,0.0195247203701679,0.107178999999999,5.3710504,2.1559660436477603,2.203472155092795,0.20754628990523977,0.20797794040437037
C=CCCOCCC(C=O)COC1=CCC1,5.4904,6.1464615,0.119492477779397,0.6560615,5.165539399999999,5.916884015736575,6.288996653476324,15.95913518696897,18.989732224286218
CCCC12C=CC1=CCC(C)C2,5.5805,5.5060124,0.0133478362153928,0.0744875999999994,5.392282000000001,3.3727802168264334,3.4905073584801216,2.0655674513192097,2.1091330164112274
C1=CCCNCC=CC2=CC(=C1)NC2,5.5805,4.313529,0.227035391093988,1.266971,5.061559,9.29918466087268,10.25259213613829,17.341485359203563,14.77864823861581
COC1(C=O)CC2CCCC1CC2(C)O,5.5819,6.633213,0.188343216467511,1.051313,5.4216796,2.8703559719808673,2.955180162250828,18.26465394673742,22.34608994600123
CC(O)CC(C)CC=CNC(N)=O,5.5878,5.4762325,0.0199662657933354,0.1115675,6.0730542,8.684172661870504,7.990282714750019,10.898399584020575,9.827373185636967
C=CC(O)C1CSCCS1,5.5907,5.524375,0.0118634518038886,0.066325,6.4094934,14.645632926109425,12.774697607146296,16.022054983595424,13.809490778163525
C=COC1=C(CS)N(C=O)C1,5.6068,5.3283086,0.0496702932153813,0.2784914,5.094495200000001,9.137204822715256,10.056046377274022,4.388135476987931,4.589530283589214
CCOCCOCCC1=C(COO)C1,5.6196,6.8640027,0.221439728806321,1.2444027,6.9721307999999995,24.06809737347853,19.39910249532323,1.575292212516163,1.5508616103415498
C#CCSCC(C)(OCOC)C(C)C,5.6196,7.0807695,0.26001307922272,1.4611695,6.564647399999999,16.816986974161846,14.396011581673058,7.289067946640553,7.8621450407222255
CCCCC1CSCOSCN=C(CN)C1,5.624,6.156645,0.0947092816500712,0.532645000000001,5.562951399999999,1.085501422475113,1.097413865596603,9.643135181580242,10.672277309487207
CC(O)=C(CC=O)C(NO)OO,5.6244,5.0144773,0.108442269397625,0.609922699999999,5.476391799999999,2.631537586231429,2.702659075634444,9.211618128174573,8.434650347697895
CC(=N)CCC1=CC=NC=CC1(C)CCO,5.6244,4.011689,0.286734762819145,1.612711,4.793169799999999,14.779002204679617,17.341972737957256,19.480094294448044,16.304049983791515
CC(=O)C(C)CCC(C)=CCN,5.6303,5.4888535,0.0251223735857769,0.1414465,5.9456646,5.601204198710542,5.30411015784509,8.322523091570934,7.683095679497284
C=CC=C(C)POC[PH](=O)CC=C,5.6325,4.0163097,0.286940133155792,1.6161903,5.114910200000001,9.18934398579671,10.119235328901759,27.35348073381893,21.478392719387344
COC1(C)CCC(C)C(C(C)SC)CC1,5.6419,7.068973,0.25294191673018,1.427073,7.0984316,25.816331377727366,20.519062267219706,0.4167309735091631,0.4150015335782047
CCSC(C)C1CCC=NCCC1C,5.6464,6.066708,0.0744382261263815,0.420308,5.886597199999999,4.25398838197788,4.08040828749076,2.968839113403865,3.059675970355189
C=CCC1=CCC(CC)C(C)CC1,5.6465,5.9622445,0.0559186221553175,0.3157445,6.5020413999999995,15.151711679801647,13.158042949403551,9.053585440852013,8.30196036586294
CC(CO)OC(N)=C(O)NCC=O,5.6526,6.23356,0.10277748292821,0.58096,4.4823174,20.70343912535823,26.108873949890278,28.093779477537705,39.07002658937092
CCC1CC2CC=C1CCCCCC2O,5.6584,6.0257673,0.0649242365332956,0.3673673,6.5828847999999995,16.338272303124544,14.043763913352992,9.245586035159365,8.463120910151725
CCOC(=O)C=CC(C)C(=O)O,5.6595,5.3789883,0.0495647495361783,0.280511700000001,5.6350844,0.4314091350826081,0.43327833741053107,4.761045864331042,4.544671948480499
C=CNCCC1=CC=C(CCC)C1CC,5.7006,4.781546,0.161220573272989,0.919054,4.948051599999999,13.201213907308007,15.208984481891827,3.482254484219117,3.3650740424776457
CC(N)SC1CC1C#N,5.7006,6.6580076,0.167948566817528,0.957407600000001,6.8055444000000005,19.382949163245993,16.235944327980594,2.215930183077594,2.1678912270412947
C1=CC2C=C(CCC2)C2CC2C1,5.7038,6.55895,0.149926364879554,0.85515,5.0716304,11.083305866264597,12.464819991614533,22.676184450254997,29.32626162979069
C=C(C)C(C)=C1CCCC1CCC,5.7058,5.8435388,0.0241401381050861,0.1377388,6.5877844,15.457681657261038,13.388179491727147,12.736213884641275,11.297358183124514
CCNC(CC(C)=O)[PH](=O)O,5.7058,6.4184723,0.124903133653475,0.7126723,5.9102786,3.5836972904763544,3.459711696162679,7.91767380533839,8.598472836796569
CC(=CCC=CON)CCC(C)C,5.7146,5.8407187,0.0220695586742729,0.1261187,6.378190399999999,11.612193329366875,10.404054416437608,9.20215007101779,8.426711438404212
CN(CCCCCCSC(N)CO)NN=O,5.7146,6.0261936,0.0545258810765408,0.3115936,5.241211,8.283851888146152,9.032053851676647,13.026176258260275,14.97712265352416
C=CCC1=C(SCCCC)CC1=O,5.7146,5.374718,0.0594760788156652,0.339882,5.1179044,10.441598712070842,11.658982922775978,4.778178129531635,5.017944453983941
CC(O)C(=C=O)C1CCCC(NNPC(O)OOO)CC1,5.7151,6.4402695,0.126886581162185,0.725169500000001,5.242572,8.268061801193324,9.013285845192009,18.59700902268143,22.845608987344384
C=C1CCC=C=C(C)C(OO)CO1,5.7319,5.749787,0.0031206057328285,0.017887,6.0575388,5.6811668033287255,5.375760861820633,5.3524034890335805,5.080475918701491
CSC(C=CCCO)N(O)CO,5.7361,6.0357895,0.0522462125834625,0.299689499999999,5.8171862,1.413612036052364,1.3939075905804712,3.621784689475997,3.7578872754666133
C=CC1CCCC(C)=C1CCC,5.7361,6.144839,0.0712573002562716,0.408739,6.5102074,13.495360959536953,11.890671870146553,5.945939348451595,5.612239020219225
CC=CNCC1CCC(C(C)C)CCS1,5.7382,5.9589868,0.0384766651563208,0.2207868,6.0327686,5.1334669408525295,4.882809527950398,1.23816015165531,1.2230172395473597
C=CCCN(C=O)C1CN(C=O)C1,5.7555,5.961435,0.0357805577273912,0.205935,7.014321799999999,21.87163235166362,17.946450646162255,17.661633482542367,15.010528886769917
CCCCCC=C(C)COCCCC(CO)C(C)CC,5.767,7.2411265,0.255614097451014,1.4741265,7.0788332,22.747237731923004,18.531771591962354,2.241271437531163,2.292656083491273
CCCC(C)(CC)OC1CC(SC)CS1,5.7688,6.620941,0.147715469421717,0.852141000000001,6.5943172,14.310033282485096,12.518615270736449,0.40211504678867105,0.4037385402085345
C=CC12C=CCCCCCOC1=C2,5.7865,5.730335,0.0097062127365419,0.056165,5.9630854,3.051678907802636,2.961309257787916,4.06172414003718,3.9031874338073305
C=C(C)C(C(CC=O)CCCCCCC)C1CCCC1,5.7995,6.587267,0.135833606345375,0.787767,6.0711488,4.684003793430459,4.474421710764188,7.8350885124286025,8.501162086490126
CCOON(CC)CCC(C)ONCc1cc(C)ccn1,5.834,6.736647,0.154721803222489,0.902647,5.422496199999999,7.053544737744262,7.588825972805665,19.50749089272453,24.235163133908703
C=CCC(C)C(CC)C(=C)CC,5.8353,6.053235,0.0373476942059534,0.217935,7.0875436,21.4597981252035,17.668231346047733,17.086873382579732,14.593329626924625
CCC1CNCCCCC(C)CCC1C,5.8367,7.514331,0.287427998697894,1.677631,7.641470600000001,30.921078691726496,23.618105656259413,1.6919616663146786,1.6638106282840432
CC1CC(NON)CC(C=O)NC1OCCNN,5.838,7.117768,0.219213429256595,1.279768,5.722188399999999,1.9837547105173121,2.023904001483081,19.606983537535932,24.3889138637938
CCC(CC)CC(O)CN=C(C)N,5.9095,6.3489475,0.0743628902614434,0.4394475,6.917962999999999,17.06511549200438,14.577455820448867,8.962359509194224,8.225188541771605
CC1(C)CC2(CCCCC(=O)C2O)CSN1,5.9095,5.453819,0.0771099077756156,0.455681,4.4842227999999995,24.118405956510717,31.784263707860394,17.77829810633614,21.622391287069874
CCCCOC1=CC=C(C)CC(C)C1,5.9095,5.152798,0.128048396649463,0.756702000000001,4.9845264,15.652315762754892,18.556900410839443,3.2656354858079,3.3758794015014097
CCCCC(CC)P(O)OC1(OC)CCC1,5.9161,8.972469,0.516618887442741,3.056369,7.0001674,18.324020892141775,15.486306798891688,21.981704255539924,28.175063356342033
CCCC1C=CC(C)=C2CCCCC(CC1)C2,5.9487,5.9525023,0.0006391816699447,0.0038023000000002,4.4507422000000005,25.181263133121508,33.65635960671906,25.22905535038599,33.74179030185121
CCC1C(N)C1CNOC1CCCCCN1,5.958,6.9013762,0.158337730782142,0.943376199999999,7.614795,27.807905337361525,21.75757850342655,10.337341123354504,9.368851032759258
CCCOCC1=CC=C(CC)C=CO1,5.983,4.8275633,0.19311995654354,1.1554367,4.561255399999999,23.763072037439418,31.170028321588845,5.516404103908905,5.838478152308686
CCN1CC(OC(C)=O)CC1CN,5.983,6.695509,0.119088918602708,0.712509000000001,6.2848258,5.044723382918277,4.802452917629005,6.133711417608433,6.534520018040918
C=CCCCCCCC1CC(=C)C1,6.0098,6.451852,0.0735551931844653,0.442051999999999,7.044808199999999,17.22200738793303,14.691786782782806,9.190480500792637,8.41692467936884
COC(=COOC(C)OO)CO,6.0324,6.732969,0.116134374378357,0.700569,5.1723444,14.257270738014718,16.627964680774156,23.178847251487415,30.17248039399696
CCC(=O)C1OC1(C)CNO,6.0324,5.7919407,0.0398612989854785,0.2404593,6.038212599999999,0.09635634241759042,0.09626358634670673,4.251975507967461,4.078556293297774
CCC1OC2COC(C)C2C1CCN,6.0557,8.58274,0.417299403867431,2.52704,8.5002616,40.36794425087108,28.758663145143675,0.9609798269550215,0.9703042551066828
CC=CC1=CCC(CCC)C1C,6.1079,6.278969,0.0280078259303525,0.171069,5.3476412,12.447138951194352,14.216712968701039,14.832495589642186,17.415674783865455
O=C1CCCNCCC2CCN1C2,6.1079,6.82836,0.117955434764813,0.72046,6.8128938,11.542327150084326,10.347934676451297,0.22649948157390137,0.22701366635128895
CCC(CCCC(C)(C)C=O)OC,6.1156,7.7282534,0.263695042187193,1.6126534,6.1555308,0.652933481588078,0.6486979157020949,20.350298037587635,25.54974787876944
CC=CCCCCCOCNN=O,6.1983,5.525932,0.108476195085749,0.672368,5.208546999999999,15.968136424503498,19.0024780423408,5.743556019147552,6.093542018532245
CC(=CCC=CCCC1CO1)CO,6.1983,5.9326406,0.0428600422696545,0.2656594,6.7990116,9.691554135811439,8.835278351341543,14.603463422341814,12.742602174704334
C=C=NCC(=O)NCCC(NOC)=[N+](C)[O-],6.1983,4.123355,0.334760337511898,2.074945,4.8021524,22.52468580094542,29.073371349064224,16.4622594949986,14.13527400754711
C=CC(NO)NC(C)C1CC=NC1,6.2158,6.429243,0.0343387818140867,0.213443,6.4045938,3.0373210206248595,2.9477872585768052,0.3833919483211292,0.3848674993252471
CCC1CCNC2(C=O)C1C2(C)C,6.2214,6.3619046,0.0225840807535281,0.1405046,5.2333172,15.882000835824734,18.88062126255217,17.739772457449295,21.56543081317524
C#CCCCCOC(C)(O)C(C)O,6.2276,8.080452,0.297522641145867,1.852852,8.5155048,36.73814631639798,26.867518176961163,5.384015646649484,5.108949031418562
C#CC1NCCC(CC(C)CC2CCNC2)C1N,6.2292,6.943899,0.11473367366596,0.714699,7.103875599999999,14.041539844602834,12.312653673158351,2.3038439931225865,2.251962295060451
C=C(CCC)SC(C)OCNCO,6.2307,6.263313,0.0052342433434446,0.0326130000000004,5.9704348,4.1771422151604165,4.359233602216041,4.6760907526096895,4.905475226025423
CCCCC(=O)CCSCCCCC(C)C,6.2307,5.990395,0.0385678976679987,0.240304999999999,5.5509746,10.90929430080087,12.245154211298313,7.335416111959233,7.916094589948229
CCCCNP(CSS)C(=O)O,6.2307,5.4842,0.119809973197233,0.746499999999999,5.560501599999999,10.756390132729875,12.052840700558388,1.3912986397286562,1.3722071404493252
CC1OC(CCNN(C)CO)CCCCC1=N,6.2422,7.196645,0.15290202172311,0.954445,5.9704348,4.353676588382314,4.551849389595559,17.038636753653968,20.538038536154865
CCCCC=CCCCC1CCCC1CO,6.2484,6.531884,0.0453690544779463,0.283484,7.250319199999999,16.034812111900624,13.81896675666361,10.998897102275533,9.909014764480979
CCCCOC1=CC=CC(C=N)CO1,6.2484,5.569271,0.108688464246847,0.679129000000001,4.9338972,21.037430382177845,26.642281886213613,11.408563167423528,12.87772675928473
C=CCC(C)CCC(CO)CCCCO,6.2531,7.364381,0.177716812461019,1.111281,7.465084999999999,19.382146455358136,16.235381110864772,1.3674469042272455,1.3490000448755703
OCCCOC1CCC1Cn1cccc1,6.2589,6.45717,0.0316780903992714,0.19827,6.6332417999999995,5.980951924459568,5.643421592139154,2.726764201654903,2.654385371568995
CCC1CC2NC2OC(C)(C(CC)CC)C1C,6.2589,8.011816,0.280067743533209,1.752916,8.571577999999999,36.95023087123934,26.980772968524576,6.98670563577595,6.530442819280176
N=C(O)C1C=CC(O)CCCS1,6.2591,5.2901554,0.154805738844243,0.9689446,6.1070792,2.4287964723362756,2.489255420168775,15.442340313859221,13.376669488746773
CC(S)=C1C=CCCCC1C,6.2591,4.498198,0.281334696681632,1.760902,5.1791494,17.254087648383955,20.85189123912896,15.138315387628548,13.147938926032904
CCC(C)=C=C1CCC(=O)SCCC1C,6.3056,4.7211547,0.251275897614819,1.5844453,5.928515999999999,5.980144633341805,6.360512479008253,25.573432279183727,20.36532076492667
CC1CC(C)(C)OO1,6.3221,8.259653,0.306473007386786,1.937553,7.6376598,20.808905268818904,17.224645172072208,7.5305003733207725,8.143766759551143
CCCC1CCCC1CCC(C)OC,6.3221,9.1491165,0.447164154315813,2.8270165,8.96899,41.867259296752664,29.511572651993145,1.9687857292012851,2.008325352129951
C=CCNCOOCC1CC1C(C)CC,6.3474,6.9184446,0.0899651195765195,0.5710446,6.7143574,5.781223808173418,5.465264628302323,2.9499000396707666,3.039564143547081
COC1C(=O)CC(O)CCC1C,6.348,6.4788666,0.0206154064272212,0.1308666,5.8011264,8.614896030245742,9.427024379265372,10.460783372202782,11.682906960965369
CC(N)C(C=O)C1COCC1C,6.348,5.8922577,0.0717930529300567,0.4557423,5.8607382,7.675831758034023,8.314000444517378,0.5349307787403786,0.537807677537958
COC(=O)C=COCCC=O,6.348,4.709544,0.258105860113421,1.638456,5.5414476,12.705614366729682,14.55490438996482,17.664206980548425,15.012387737817814
CCCCOOC1(C)CC(CCOC)=[SH]1,6.3671,5.9173155,0.0706419720123761,0.4497845,3.4291756,46.1422688508112,85.67436441575052,42.04845761561978,72.55796116127735
C=C1C(=CCC(C)O)C=C1CO,6.3671,5.4725757,0.140491636694885,0.8945243,5.1421301999999995,19.2390538863847,23.822224493654407,6.038207931961556,6.426237515339473
CCCC=C(C)C1CC12CC1C(OC)CC12OC,6.3781,7.4449553,0.167268512566438,1.0668553,6.6196318000000005,3.786892648280846,3.6487195556707643,11.085674349179769,12.467815808123945
CC1CNCCCC2CCCCCCC12,6.3979,8.216656,0.284273902374217,1.818756,7.363554399999999,15.093302489879479,13.113971155017193,10.382588731961047,11.58545932654482
C=CCCCC1OC=C1C=CCCCCC,6.4005,5.410347,0.154699320365596,0.990153,4.9148432,23.21157409577377,30.227959256156943,9.158447692911375,10.081782466630875
CC(=CC(O)CCO)CC1CC1,6.401,7.1218905,0.112621543508827,0.7208905,6.7598148,5.605605374160291,5.308056664510989,5.083982967724652,5.356296151782148
CCC1=CCC(CNNCCSCN)O1,6.4025,6.330838,0.0111928153065209,0.0716619999999999,6.2840092,1.850695821944553,1.8855924017425054,0.7396935445197005,0.7452057835943352
CCCCCCC1CCC=CC(CONO)C1,6.4025,7.0610943,0.102865177664975,0.6585943,7.0510687999999995,10.129930495900034,9.198162979206778,0.1419822420442713,0.14218411824318383
CSCN(C)CC[SH](C)[PH](=O)CSC,6.4025,4.6121035,0.279640218664584,1.7903965,4.4172616,31.00723779773526,44.94274009037636,4.224577787553989,4.410920557659527
CCC(C)CC(CCNCCCCNC)OC=O,6.4042,7.108384,0.109956590987165,0.704184,6.278020799999999,1.9702570188314081,2.009856354728883,11.68146234080771,13.226512406585222
CCCCCCCCSSC(C)OCCO,6.4065,5.8854094,0.0813377975493639,0.5210906,5.816914,9.202934519628512,10.135718011302911,1.1638170829713332,1.1775212767457222
CC1(C)CCCCC1CCCNNCO,6.4065,7.421135,0.1583758682588,1.014635,8.190498,27.846686958557704,21.781312931155096,10.367187768447822,9.39336045256345
CCC1CNC(CN)C2(CC2N)N=C1N,6.4073,6.337975,0.0108196900410469,0.0693250000000001,5.896940799999999,7.965277105801208,8.654643438170531,6.958597974905246,7.47903387464905
COCCC1CC=C(C)COCC(CO)C1O,6.4073,6.9047194,0.0776332308460662,0.4974194,6.566552799999999,2.4854899879824432,2.425211596562493,4.897615390424135,5.149834476317635
CC=CC(COC)CC(C)CCC,6.4073,7.2016625,0.123977728528397,0.7943625,7.269917599999999,13.463043715761696,11.865576027986883,0.9477686575842609,0.9388703387779682
CCC12CCC(O)C(S1)C(C)C2,6.4076,6.940154,0.0831128659716585,0.532553999999999,6.531439,1.9326893064485824,1.8960446541719116,5.889134448601572,6.257656237775473
CCC1=CCC(CO)C2CCCC12,6.4076,7.0896635,0.10644601722954,0.6820635,6.8893819999999995,7.518915038391895,6.993109106157839,2.8249789288306966,2.907104004394021
CC(CCC#CCN)COOO,6.4093,7.2072554,0.124499617742967,0.7979554,6.904080800000001,7.71973226405381,7.166497819666318,4.206519447056078,4.391237715526146
CC1C2=CCC2C1C(N)=O,6.4093,5.5586133,0.132726928057666,0.8506867,6.0071818,6.273979997815679,6.693957555937467,8.069791435212798,7.467203672777132
CCCNC1NC(=S)OC1CC,6.4095,5.988453,0.0656910835478587,0.421047000000001,5.4565212,14.868223730400192,17.46495184514266,8.882624611063989,9.748551879538189
C=C(O)CCN(C)N(O)C(=C)C,6.412,6.6403437,0.0356119307548347,0.2283437,6.3947946,0.2683312538989383,0.2690532077449357,3.69783720683012,3.839827787431982
C1CCCNN2CCCC2CCC1,6.4274,7.1527076,0.112846189750132,0.725307600000001,7.3733536,14.717515636182595,12.829353525104237,3.0847898773325984,2.9924782123564433
CCCC(C)COCC1ON1C(=O)COC,6.4305,7.4287,0.155228986859498,0.9982,6.4192925999999995,0.17428504781900112,0.1745893309178782,13.58794136255335,15.724589341822504
CCCN(C#CC(C)C)CC(C)C,6.4328,6.9892645,0.0865042438751399,0.5564645,6.8006448,5.718268872030833,5.40896945536693,2.6987059940284173,2.7735561192668126
OCCCNCCCCCP(OO)OCCS,6.4356,6.849353,0.0642912859717819,0.413753,6.1702296,4.123475666604514,4.300818886869301,9.91514672991741,11.00645266101605
C=C(CO)CCC1C=C(C)CO1,6.4384,7.013412,0.0893097664015905,0.575012,6.6400468,3.131939612326055,3.036827993441261,5.323588575717488,5.622930248021737
C=C1C2CC=C(N)OC(OC)CC12,6.4384,5.761905,0.105071912276342,0.676495,5.596432,13.077286282306158,15.044728498443286,2.8718453358741516,2.9567588777992753
C=C(C)CCC(C=CCC)CCCC,6.4392,6.379065,0.00933889303019,0.0601349999999998,6.9835632,8.45389489377563,7.794920507055772,9.476282182420153,8.656013881280549
CCCC1(CCC#N)CCC(CN)NC1,6.4392,7.5147867,0.16703731830041,1.0755867,7.138444999999999,10.859190582681071,9.795480668408869,5.008015729841023,5.272040339317613
CCC(C)CN(C)N=CCC=O,6.4392,5.0040417,0.222878354453969,1.4351583,4.9725496,22.77690396322524,29.49493756683694,0.6293332847326263,0.6333189718208212
O=C1CCC[C]CCCCCCCCOOC1,6.4392,4.6777153,0.273556451111939,1.7614847,3.8072614000000002,40.87368927817119,69.1294430164422,18.60852668823175,22.862992806325295
CC(C)CN=CC1CCCCCCO1,6.4431,6.4024796,0.0063044807623659,0.0406203999999999,6.576351999999999,2.0681349040058175,2.026229739527307,2.7157040843987805,2.6439034893509157
C=C(C)CCOC1CCCNNCCCOC1,6.4431,6.5800953,0.0212623271406621,0.1369953,6.6405912,3.065158076081389,2.9740002667232397,0.9193772619068339,0.9110017192445194
CCCCOCOCC(C)C=CCCOO,6.4431,6.6278996,0.028681783613478,0.1847996,7.159676599999999,11.1216122673868,10.008505132759753,8.023311035067564,7.4273885499241565
CC=C1CC(C=O)CC1OO,6.445,5.735015,0.110160589604345,0.709985000000001,6.0961912,5.412083785880535,5.72174967215596,6.29773766938709,5.924620605731659
C=CCC(=CC1CC1COO)CC(C)C,6.4451,6.0348573,0.0636518750678811,0.4102427,6.3074184,2.1362213154179086,2.182851862181834,4.516446478361647,4.321278258629565
CCCC1C=C(COC)CCCCNO1,6.4459,6.582933,0.0212589397911851,0.137033,6.388534,0.8899610605190902,0.8979524880042906,2.9530757794435973,3.042935985000624
CCCCOCC1CC1C=CCOC,6.4569,7.5502625,0.169332419582152,1.0933625,6.7486546,4.518493394663073,4.32315205463323,10.61695404629971,11.878040105949408
CCOC(P)N(C)C(CC)OC,6.4674,7.7928133,0.204937579243591,1.3254133,6.85944,6.061786807681613,5.715335362653519,11.977359960619093,13.607135567918075
CCCC(COC)C(CC)NN(CCO)OO,6.4751,8.393,0.29619619774212,1.9179,7.293871199999999,12.644919769578827,11.225468308242114,13.095779816513781,15.069210435193892
CCCCCC1=CCCCCCC(=O)O1,6.4751,6.2486324,0.0349751509629195,0.2264676,6.7987394,4.998214699386872,4.760285414087197,8.803638376935083,8.091308809394866
C=C1CC(CC)=CC(NCO)C1C,6.4751,5.351907,0.173463421414341,1.123193,6.599488999999999,1.9210359685564542,1.8848277495424115,23.310980553286885,18.90422122076421
CCCN1CC[PH](=O)CC(CC)C1,6.4899,6.477333,0.0019363934729348,0.0125669999999998,7.2837998,12.232851045470658,10.899528018329118,12.450599652665687,11.072061590709838
C=C(CCC)CCCC(CC(O)O)CC(C)CC,6.4916,8.013549,0.234448980220593,1.521949,7.3159194,12.698246965309018,11.267475144682432,8.705625934277048,9.535774820045162
CC(O)C=C(CCC(C)CO)CP(C)C,6.5244,6.9550676,0.066008767089694,0.4306676,6.1138842,6.292008460548093,6.714484386210648,12.094539526833636,13.758575931156813
CC=CCCC(CC)CC(O)=NCC,6.6075,6.359043,0.0376022701475596,0.248457,7.2056784,9.053021566401819,8.301486227861627,13.313880720731094,11.74955851485129
C=NCC1CCCC1CCCCOO,6.6075,5.9871807,0.0938810896708286,0.6203193,6.671622,0.9704426787741239,0.9611156027724628,11.431779568637381,10.258993989767411
CCCCCNCCC(CCO)C(C)C=O,6.6454,6.515317,0.0195748939115781,0.130083000000001,5.5090558000000005,17.0997110783399,20.626841354556618,15.44454705734194,18.265583732152415
CC(CCCCCCSS)C(=O)NOO,6.7387,6.092847,0.0958423731580275,0.645853,5.816914,13.678988528944751,15.846649959067644,4.528802380890251,4.743632104583293
COC1CCCNC(C)CC(C)C1,6.7707,7.734413,0.142335799843443,0.963713,7.2084003999999995,6.464625518779443,6.072087782471127,6.800937575999633,7.297216730635558
CC1CCCN(CCCC=O)C1,6.7741,6.8825808,0.0160140535274059,0.108480800000001,5.3481856,21.04950325504495,26.661647643641984,22.293893011760943,28.690014048876698
C=C1CCCCCC(C)CCCCC1C,6.7741,7.524616,0.110791987127441,0.750516,7.1545048,5.615576977015397,5.316996921995217,4.918672261813762,5.173121136210576
CCC=CCC=C(CCC)C(C)=O,6.8302,4.46108,0.34685953559193,2.36912,5.295650999999999,22.467116629088462,28.977532696168996,18.707824114340017,15.75955439661714
CCSSCCC(O)OCC(C)CCO,6.8302,6.3386116,0.0719727680009369,0.4915884,5.9815949999999996,12.424306755292672,14.186935090055414,5.632410100659908,5.968585302080809
CC1CCCCCCC(C)(C)CCN1,6.8479,7.7893834,0.137484980797033,0.9414834,7.7963524,13.850266505059944,12.165335163659352,0.08946792887354577,0.08938795532125743
C=C1CN(C)CC(=O)CN(C)N1,6.8479,5.696368,0.168158413528235,1.151532,5.130697799999999,25.076332890375163,33.46917450487926,9.930366156119137,11.025209865215615
CCCC(CCC)C(C)OC=O,6.8523,7.512356,0.0963261970433285,0.660056,7.6754956,12.01342031142828,10.724983022594659,2.171617000046324,2.1254601461826135
CC1CCC(=O)CCC(O)CC1,6.8533,6.758277,0.0138652911735952,0.0950230000000003,6.0602608,11.571639939882976,13.085892277111242,10.328315930228957,11.517923453063268
CC1=CNCC(OCCC(C)CN)C1,6.8533,6.485237,0.0537059518771979,0.368063,6.3610418,7.182790772328662,7.738641176670153,1.915044893501964,1.9524348983212143
CCCC(COC)OC(C)CCO,6.8533,8.471585,0.236132228269593,1.618285,8.830984599999999,28.857405921235014,22.394836924525936,4.242412724419335,4.069756842289134
CCCCCC1NC1OC1CC1C,6.8537,8.589087,0.253204400542772,1.735387,8.0895118,18.031308636211104,15.276716698775324,5.816394687817214,6.17559146152675
C=C(C)C(O)CCCCCC=CC,6.8553,6.363382,0.0717573264481496,0.491918,7.086999199999999,3.3798550026986356,3.269355526384137,11.37158196694776,10.21048795941729
COCCC1C(COC)NC(=O)C1N,6.8553,6.4404655,0.0605129607748748,0.4148345,7.111224999999999,3.733242892360648,3.598887674064589,10.41476737978022,9.432404402898223
CC1CCCC1CC(N)CCC1NCC1C,6.8553,7.474092,0.0902647586538882,0.618792,7.473795399999999,9.022149285953928,8.275519557305511,0.003968375021346062,0.003968532507598808
CCCCCCCCCC=CC(O)COOC,6.857,7.040553,0.0267687035146565,0.183553,7.0306538000000005,2.532504010500223,2.469952367730015,0.14060259187026294,0.1408005611085494
O=C1OC(CCCCOCO)C2OC2O1,6.857,7.178187,0.0468407466822226,0.321187,7.3464058,7.137316610762726,6.661839998002835,2.3434719658320406,2.289810889564527
CCC1CCCCCCC(C)SC1,6.8591,7.1421685,0.0412690440436793,0.283068500000001,6.8654284,0.09226283331632609,0.09217778747791067,3.8747349631978087,4.030922527718744
CN(CCO)C(O)C(C)(O)CO,6.8591,8.04509,0.17290752431077,1.18599,7.398123799999999,7.858520797189121,7.285952689788715,8.041752174307575,8.745003699451495
CCCC1CC1CCC1CCCCCCO1,6.8723,8.97826,0.306441802598839,2.10596,8.578382999999999,24.825502379116145,19.888165403666388,4.453836266715397,4.661449599534107
C=C1CC1C(O)C(O)CCCO,6.8973,7.5977135,0.101548939440071,0.7004135,6.9391945999999995,0.60740579647107,0.6037386528978322,8.66732998026315,9.489846271208489
CCC1CSC1NC1COC1CC,6.9089,7.2478557,0.0490607332571031,0.3389557,5.9402206,14.020747152223944,16.307128391831107,18.041682314398173,22.013241393762375
CC1CCCCCCCCCCCN1C,6.9089,7.6397696,0.105786680947763,0.7308696,7.423710600000001,7.451411946909067,6.934680347049096,2.8280826688804797,2.9103909303792035
CCC(CCCN)C1CC(C)C(C)C1,6.9089,8.128308,0.176498140080187,1.219408,8.2999224,20.133775275369448,16.759462714976706,2.1113176321566467,2.067662704894678
CCCCCC(C)C(C)(N)CCCC,6.9089,8.281934,0.198734096600038,1.373034,8.2672584,19.66099379061789,16.430578727283997,0.17720015638859649,0.17751471273717953
CCCC1CC1(C)C(CO)CC(C)CCO,6.9089,8.784374,0.271457685014981,1.875474,8.4343892,22.08005905426334,18.086540279644673,3.984174626444635,4.149497867610847
CCC(C)CC1CCS(=C2C=CC2)CC1CC,6.9355,5.051817,0.271600173022853,1.883683,4.495927399999999,35.17515103453249,54.26183260877392,11.003755678402454,12.364292181408457
CCC(=O)CNCC1C=CCCCCCN1,6.9694,6.3758245,0.08516880936666,0.5935755,5.262987000000001,24.484360203173868,32.42289977155557,17.454017123589264,21.14459906513163
CC1CCCC(C)C1Oc1ccccc1,6.9694,5.9771833,0.142367592619164,0.9922167,5.862099199999999,15.888036272849899,18.88915151759972,1.9253901750010023,1.9631892275040432
CCOCC(CO)CCCOCCOO,6.9711,7.888693,0.131628150507094,0.917593,7.596285399999999,8.96824604438323,8.230146276494555,3.7066672514699284,3.8493498414369833
CCOC1(COCC(C)CC)CCC1,6.9711,8.55145,0.226700233822496,1.58035,8.7030506,24.844724648907622,19.90050017634046,1.7728057814756362,1.741924837251875
C=CCSC(OO)OC(CO)CCC,6.9779,7.2798553,0.0432730907579645,0.3019553,6.400783,8.270640163946178,9.01635003092591,12.075408971384372,13.733824439916189
C=C1NCCCCCCCC1O,6.9779,7.0677733,0.0128797059287178,0.0898732999999998,6.0676102,13.045325957666348,15.00244363093727,14.151035376304444,16.483641285987684
CC(C)OOCC1CC1CCCCN,6.9779,7.7235384,0.106857134668023,0.7456384,7.2451474000000005,3.829911577981921,3.6886399302242,6.19393567072832,6.602916042812315
C=CC(CC)OCC1CCC(C)C1,6.9779,7.8524966,0.125338081657805,0.8745966,7.0344646,0.8106249731294479,0.8041066835420531,10.417476653221353,11.628916293075106
COC1CC(O)C1(C)CCCC=C(C)O,6.9819,7.2955036,0.044916655924605,0.3136036,6.943822,0.5453816296423681,0.5483723517106357,4.820525343857003,5.064668996411488
CC1CCC2=CC23C=CC3C2C=C2CCCC1=O,6.9819,4.0193777,0.424314627823372,2.9625223,4.8606754,30.38176714074966,43.6405319310152,20.931043628967743,17.30824691564469
CCC(C)CC(OC)C1CC(C)C1CCOO,7.0045,7.7906365,0.112233064458562,0.7861365,7.830377399999999,11.79066885573558,10.547095724913575,0.5101110801408727,0.5075221534021985
CCC(O)CCOCC=CCNOCC#N,7.0045,6.371376,0.0903881790277679,0.633124,6.7862182,3.1163080876579303,3.216545556993728,6.51102995648037,6.113010041439586
CCCCCNCCCC=C1CCCCN1,7.0605,6.0518637,0.14285621414914,1.0086363,6.238823999999999,11.637646059060987,13.170366722959345,3.0893012345932225,2.996723420952396
C=C1CCCCC(C)C(C)(C(O)CO)CC1C,7.0605,7.8549953,0.112526775724099,0.794495299999999,6.902719799999999,2.234688761419181,2.28576857487394,12.123183574661093,13.795656315065852
CCC(CC)OC(C)CC(C)C,7.1034,8.838314,0.24423712588338,1.734914,8.6241126,21.40823549286258,17.633264667717818,2.4235549902390923,2.4837500382358217
CCCCCCC1CCC(C)CCC1CC,7.1034,9.521616,0.340430779626658,2.418216,9.919240199999999,39.64073823802685,28.387660175826767,4.176015919986683,4.00861549859433
CCCCCNCC1CCCC(C)C1,7.1949,7.6631236,0.0650771518714645,0.4682236,8.0756296,12.241026282505658,10.906017779715896,5.3830007387587955,5.108035167932909
CCC1=CCC2C=CCCCCC2CC1,7.1949,6.3575726,0.116377906572711,0.8373274,6.6656336000000005,7.356132816300423,7.940226417485641,4.845575809861776,4.621631167965793
COC(CC(CO)SO)OCS,7.2303,7.1746163,0.0077014370081462,0.0556836999999995,5.9451202,17.774916670124334,21.617389670271088,17.13675057438264,20.680761004630327
COOCOOCCC1CCCCCCC1,7.245,8.830659,0.218862525879917,1.585659,7.289788199999999,0.6181946169772157,0.6143964511890658,17.449103175652024,21.137387777603763
CCCN(CC)CC(C)C(C)CCCCCN,7.2534,7.25459,0.0001640609920865,0.0011900000000002,7.680123,5.883075523202911,5.55620007648315,5.865707090269742,5.540705532971278
CCCCCC(CCC)OCCCC(C)O,7.2658,8.280005,0.139586143301495,1.014205,8.7667454,20.657675686091004,17.120896427538547,5.878503696555745,5.552121999573529
COCC(C)OCCCOCN(C)CCCO,7.2658,8.07885,0.111900960665033,0.81305,8.0269058,10.475182361199046,9.48193262714009,0.6429652735228336,0.6471260694251506
COCC(=O)COCCSC(C)CO,7.2693,6.7903166,0.0658912687604034,0.478983400000001,5.6688372,22.016738888201072,28.232647076194056,16.515863192593997,19.78323526383859
COCC=NCC(CC(C)=O)C(N)CO,7.2693,5.2055836,0.283894790419985,2.0637164,5.8914968,18.953725943350815,23.386301423434546,13.1764899520584,11.64242675986856
CC1=CCCC(C)CC(C)CCC1,7.3048,6.837242,0.0640069543313986,0.467558,6.864611799999999,6.026013032526578,6.412426701244804,0.400304684257174,0.3987086349150712
CCC1C2N=C(C)N=CC=C2OC(CCCO)C1C,7.3152,4.846401,0.337488927165354,2.468799,4.7556062,34.990072725284335,53.82266092596145,1.873447946218241,1.909216116338655
CC1(C)OCCCCC(C=O)C1O,7.3339,7.2013254,0.0180769576896331,0.1325746,5.9960216,18.24238672466219,22.31276818615864,16.7372495068755,20.101725450755552
C.CCCCCC(C)(CCOCC)COC,7.3339,8.3426,0.137539371957621,1.0087,8.7923322,19.886175159192256,16.587546589743283,5.390791839474523,5.115050134252224
CC=CCCC=C1CCCCCCCCC1,7.3339,6.0572643,0.174073235250003,1.2766357,6.710818799999999,8.495905316407375,9.284726924827721,10.78959853212942,9.738819054390195
CC=C1CCC(CC(O)CCCC)C1,7.4532,6.9258366,0.0707566414426018,0.5273634,6.8343976,8.302506306016207,9.054234714117303,1.3202592738038357,1.3379233306531693
CC#CC#CCC1(C)NC1C,7.4574,6.8173795,0.0858235443988521,0.640020499999999,6.0934691999999995,18.289629093249662,22.383485584861912,10.618600592793769,11.880101076083243
CCC(C)NNCC(OC)N(O)CN,7.4767,7.7593565,0.0378049808070405,0.2826565,7.641742799999999,2.207428410929946,2.15975340075564,1.515766159216948,1.5390952440849044
CCCCC(C)CC1(C)CCCCOO1,7.5181,8.693382,0.156326997512669,1.175282,7.728846799999999,2.8031922959258195,2.726756079574498,11.095051385065112,12.479678080823149
C=NCC(CO)C(CC)CN,7.534,7.1170926,0.0553367932041412,0.4169074,5.798948799999999,23.029615078311664,29.920098622012343,18.520818458930847,22.73073699150442
CCCOC1C(C)CCCCC1CC(C)CC,7.5964,9.330958,0.228339476594176,1.734558,8.386482,10.400742456953305,9.420899013436156,10.121961753551991,11.261885496206869
CCCCCCOC1CC(CCCCC)C1,7.6569,9.033663,0.17980684088861,1.376763,8.8813416,15.991348979351963,13.786673851166814,1.6861532248878437,1.7150719661543017
CCCCCCCCCC(O)CCC(C)C,7.668,8.541544,0.113920709441836,0.873544,9.0049204,17.435059989567026,14.846554334894504,5.424972346919943,5.145813393308836
CCCC(NCNCCC(C)C)NOC,7.6994,6.6398454,0.137615216770138,1.0595546,8.0620196,4.709712445125588,4.497875445502508,21.418784840984397,17.640421018078396
CCCCC1NC(CC)CC(OC)OP1,7.7185,7.305203,0.0535462848999158,0.413297,5.867543199999999,23.980783831055263,31.545686787614972,19.679943185699297,24.501903965530254
CCCCCCCCCCC(C)CCCCCOC,7.7768,8.995882,0.156758821108939,1.219082,9.0961074,16.96465641394918,14.504087759561852,1.1141253297897789,1.1018493471174204
CCC1CCC12C=CC(CO)C2,7.8315,6.6491513,0.150973466130371,1.1823487,6.855356999999999,12.464317180616757,14.239127152677847,3.101233385981141,3.0079498412701056
CCCCCC(CC)C(CC)(CO)OC,7.8315,8.833109,0.12789491157505,1.001609,8.283862599999999,5.776193577220187,5.460768989577387,6.218041688379496,6.630317600873791
CCCC1C=CCC(C(C)CC)CC(C)C1,7.8701,7.210419,0.0838211712684718,0.659681,6.9920013999999995,11.157400795415565,12.55861590645563,3.029194281220002,3.123820884818479
CC1COCC1CCCC1CCCC1,7.8701,9.338789,0.186616307289615,1.468689,8.7877048,11.659379169260879,10.441916528648076,5.901024212025778,6.271082296710741
OCCOCCCCCCC1CCC1,7.8849,8.821926,0.118838032188106,0.937026,8.7762724,11.304802851019033,10.15661729004674,0.5175015070405219,0.5201935163270414
COCCCC=NNC1C(C)CCCCC1N,7.8849,6.375429,0.191438191987216,1.509471,5.9505642,24.532153863714193,32.5067629721565,6.664097427796623,7.1399078426882605
CCC1C(C(=O)ONC)CCOC2CC21O,7.9523,6.979764,0.12229619103907,0.972536,6.9851964,12.161306791745782,13.845045215908314,0.07783071175472572,0.07777018266802226
CCCCN1CC1CC1CN1,7.9809,8.061977,0.010158879324387,0.0810770000000005,8.2996502,3.9939129672092144,3.8405257127583545,2.948075887589355,2.8636532175777685
CCCCCCCCCOCC1CCC1CCO,7.9923,8.473579,0.060217834665866,0.481279000000001,9.009275599999999,12.724442275690334,11.288095127204219,6.321963836060274,5.946056306680172
CC1(C)CC1C1=C(CO)CC1,7.9923,6.6448135,0.168598088159854,1.3474865,6.330010999999999,20.798631182513184,26.260444097174577,4.737567126601834,4.973174612176832
CCC1CCC2CCOCC(C)C12,7.9923,8.939016,0.118453511504823,0.946716,8.3990032,5.088687862067228,4.842279379057732,6.04107655697228,6.429486775287827
C=CCOCCCCCCC(C)CCCCC,8.0495,8.170555,0.0150388222870986,0.121055,7.0984316,11.815248152059139,13.398289278437234,13.121794051934055,15.103665998556648
CCC(C)CCCCOCC(C)CC,8.0495,8.6757965,0.0778056401018697,0.626296500000001,9.0130864,11.970760916827139,10.690970409426015,3.8877110591517448,3.7422241952545803
CCC(CO)CCC(C)C(C)OC,8.0495,8.698501,0.0806262500776446,0.649001,8.8413282,9.836986148207956,8.955986952277142,1.6419748644047896,1.6154495882191013
CCCCCCCN(C)CCOC(C)OC,8.0516,7.946832,0.0130120721347311,0.104768000000001,7.8551476,2.4399175319191335,2.500938365562997,1.1537226406698937,1.1671887616726657
COCC(CN)CC1C=CCC(C)C(C)CC1,8.0578,6.8682218,0.14763064359999,1.1895782,6.7415774,16.334763831318728,19.523955921651222,1.8439183195860096,1.8785573833210014
C=CCCCC(C)CCCCCC(C)CC,8.0578,7.74117,0.039294844746705,0.31663,7.4969323999999995,6.960554990195844,7.481294615915182,3.1550476220003025,3.2578338308079298
CCCCCC(CCC)CC1CC(CO)O1,8.0616,8.247333,0.0230392229830305,0.185732999999999,8.3227872,3.2398928252456107,3.1382179277634323,0.9148921233082397,0.9065977320674634
CCOC(O)C(OC)C(C)CC=O,8.0616,6.667222,0.172965416294532,1.394378,6.2521618,22.445149846184385,28.941000855096245,6.225384425477359,6.638666964760895
CC(CCC(=O)CCON)OCCCO,8.0794,6.4001217,0.207846906948536,1.6792783,6.3180342,21.800700547070328,27.878383437683834,1.2825927981963232,1.2992569745823803
CC#CCCCCC(C)OCCCC(C)C,8.0823,7.772169,0.0383716268883858,0.310131,8.2729746,2.3591626146022726,2.3047888966079926,6.443575789461084,6.053513085849431
CCON(O)C(C)CNCCCCCCN,8.0823,8.077678,0.00057186691907,0.0046219999999994,7.8671244,2.662306521658442,2.7351239037226898,2.6066104640467316,2.676373084935593
CC(C)CCC1=C2CCCC(C2)C1N,8.0913,5.6591115,0.300593044381002,2.4321885,3.8018174000000005,53.01351575148615,112.82715997880379,32.81953536345766,48.85279603381265
CCC1(C)CCOCCN(C)CC1CO,8.0913,7.6759644,0.0513311334396204,0.415335600000001,7.2974098,9.811652021306845,10.879068351074388,4.931687801991372,5.1875200978845974
CCCCCC(CC(C)O)C(C)O,8.1085,8.737939,0.077627058025529,0.629439000000001,8.8952238,9.70245791453414,8.844339588173158,1.8000217213692993,1.768193848028864
CCCCCC(O)CC(CC)SCCN,8.1876,6.5665727,0.197985649030241,1.6210273,6.8980924,15.749518784503389,18.693684068366487,5.048595593862842,4.805962007699408
CCCC1CCCC(OC)C(CCNNO)CC1,8.203,6.9811177,0.148955540655858,1.2218823,8.2228898,0.24246982811168355,0.2418833340074848,17.787582925295766,15.10140753680051
COC(CO)CCCCC(O)CC(C)C,8.2089,8.606723,0.0484624005652403,0.397823000000001,8.2250674,0.19694965220675725,0.19656252300133734,4.434389255933997,4.640151641796883
CCC1CCC(C)CCC(OO)C(C)C1,8.2182,7.9861135,0.0282405514589569,0.232086499999999,7.9803596,2.8940692609087106,2.9803218391311543,0.07204881323061839,0.07210076097322983
CCCCCCCCCC1CC1CCC,8.2192,9.851069,0.198543532217247,1.631869,9.561024999999999,16.325493965349402,14.034321633925217,2.944289599433338,3.033607798327081
CCCCC(C)OCCC(CC=O)C(=O)OCC,8.2192,6.210068,0.244443741483356,2.009132,5.9704348,27.35990364025697,37.66501561996793,3.858785443251187,4.013664130458306
CCC1COCCC(CN(C)C)CC1NO,8.2192,6.5249257,0.206136156803582,1.6942743,7.3937686,10.042721919408228,11.163879269903052,13.315751626106637,11.751015578172137
CCCCC(CC(C)C(C)N)SCSN,8.2244,7.166034,0.128686104761442,1.058366,6.5431436,20.442298526336266,25.694933548455207,8.692261298229958,9.519742161856271
CCCC(C)C(CCO)CC(C)O,8.272,8.474446,0.0244736460348163,0.202446,8.8307124,6.754260154738868,6.326923295565591,4.204008144013179,4.0344015733090695
CC1OC(CCCCCCNO)ONCC1Cl,8.272,7.8161707,0.055105089458414,0.4558293,6.872505600000001,16.918452611218555,20.363670565797705,12.073240672699212,13.731019731726352
CCCCCCC1CCCCC(C)CC1,8.2862,9.772455,0.179365088943062,1.486255,9.498418999999998,14.62937172648499,12.762323919380684,2.804167427734406,2.8850696100056488
CC(CCCCO)COC(=O)N(C)C,8.2862,7.6672335,0.0746984745721802,0.618966499999999,8.135513600000001,1.818522362482174,1.852205126914149,6.107549743985248,5.755999227879124
CC1CCCCC(CCCCCCO)C1,8.2904,8.814185,0.0631797018237962,0.523785,9.1086286,9.869591334555624,8.983005410935291,3.3405652366043967,3.232578831900109
C=CCC(O)CC(C)CCCCCC,8.2988,7.620619,0.0817203692100063,0.678181,7.342322799999999,11.52548802236469,13.026902058841666,3.6518844466571636,3.7903018919299045
CCC1(C)C(COF)CCN1C,8.2988,7.437354,0.103803682460115,0.861446,5.059925799999999,39.02822335759388,64.01031019071468,31.96604867806482,46.98543603149281
CCOCCOCOCCCNC1C(CC)C1CO,8.2988,7.7535443,0.0657029570540319,0.5452557,7.6156116,8.232375765170865,8.970893421087805,1.7789632026736402,1.8111834905025812
CCC(O)CCCC1CCCCOCC1,8.2995,8.351986,0.0063239954214109,0.052486,8.5250318,2.717414302066397,2.6455244425012068,2.0719119979367853,2.029855184821722
C=C(C)CCCC(=O)OCC(C)C,8.305,6.618228,0.203103190848886,1.686772,7.091898799999999,14.606877784467196,17.10544995368519,7.157063794115266,6.6790405977028175
C=C(CCC(CC)CO)C(C)CO,8.305,7.3577886,0.114053148705599,0.9472114,7.2266378,12.984493678506922,14.922045767950346,1.7824757835526877,1.8148245924266517
CCCCCC(C)CCC(N)CCCN,8.305,7.3317595,0.117187296809151,0.973240499999999,8.1894092,1.3918217940999358,1.4114668980028455,11.697733674979377,10.472668773224807
CCC1CC(C)(COC)CCCCS1,8.3254,7.3947444,0.111785091407019,0.9306556,7.0271152,15.594263338698443,18.475359561488336,4.971492997107521,5.231580663427867
CC(O)(CCCCCCCO)COO,8.3254,8.0430765,0.0339111033704087,0.2823235,7.970016,4.268671775530304,4.45901237839422,0.9083651013390154,0.9166920116596946
C=C1CCCCCC(C)CC(C)C1,8.3254,7.2883854,0.124560333437432,1.0370146,7.0366422,15.47983039853941,18.31495425474383,3.454032493945778,3.577604102138374
C=CCCCCC1CC2CCCCCC12,8.3631,8.155205,0.0248586050627158,0.207894999999999,7.4884942,10.457913931436902,11.679328001616126,8.175279468756463,8.903135693154447
CCCC1C2CCCC3C1(C)C23C,8.3631,8.894054,0.0634877019287108,0.530954000000001,8.2492932,1.3608207482871064,1.379594557264603,7.249346585932582,7.81595203816977
CCCCNCC1(CCOC)CC(C)C1,8.3631,7.841213,0.0624035345744998,0.521887,7.4288824,11.170709425930568,12.575479724917967,5.258505284832841,5.550371883663144
CNC1(CCO)CC(C)C1C,8.3771,7.6989727,0.0809501259385707,0.678127300000001,7.6567137999999995,8.599469983645903,9.408555926434145,0.5488901136121733,0.5519195454321436
CCCC(COCCCC(O)CO)OC,8.4148,8.80978,0.0469387270048011,0.39498,8.3745052,0.47885630080334474,0.4811603675402799,4.940813504991047,5.197618123157893
CCC1CCCC(CC2CC(OC)C2)C1CC,8.4415,9.374161,0.110485221820767,0.932661000000001,8.730815,3.427293727418115,3.313722716607788,6.862971523531557,7.3686820760719485
CCC1(C)CCCCCC(N)(CC)O1,8.4653,8.421645,0.005156934780811,0.0436549999999993,7.9683828,5.8700483148854685,6.236111046271517,5.382110027197776,5.6882583502388995
C=C(C)CC(CCCC)C(CC)CCO,8.5081,7.3708506,0.133666670584502,1.1372494,7.2500469999999995,14.78653283341758,17.352342681364703,1.6389370312294804,1.6662457498551437
CCC1CC(N)CC(C)CCCO1,8.5081,7.661236,0.0995362066736405,0.846864000000001,7.666513,9.891597418930202,10.977441765245823,0.06887922523206987,0.06883181441158999
CC#CCCC1CCC1CC(C)(C)N,8.5257,7.682297,0.0989247803699403,0.843403,7.798802199999999,8.525960331702985,9.320633878879523,1.5165412115673067,1.4938858174912921
COC1(C2C(C)C2O)CCCO1,8.5257,8.424767,0.0118386760031436,0.100933000000001,8.2441214,3.3027035903210447,3.4155076852701534,2.144220724442588,2.1912049960836346
COC1CCCCC(CC(C)N)CC1,8.5257,7.728117,0.0935504416059679,0.797583,8.2283338,3.4878801740619627,3.6139297119910334,6.472686684220744,6.079199169095444
CCC1CC(O)CCC1CCO,8.5481,8.885447,0.0394645593757676,0.337346999999999,8.8617432,3.6691568886653125,3.539294616436184,0.2667710470840671,0.26748461860190026
CCC(OCCCC(C)C)OOCC(C)C,8.5481,8.452286,0.0112088066353925,0.095813999999999,7.129190200000001,16.599124951743647,19.90281869601401,15.653703625267765,18.55885118621186
CCC(CO)CC(C)CCCCOC,8.5481,8.690824,0.0166965758472642,0.142723999999999,8.811114,3.0768708835881666,2.985025503018121,1.3841035096326963,1.3652076230088577
CCC1OC(CCC(O)COO)CCC1C,8.5481,8.369445,0.0208999660743322,0.178654999999999,7.502376399999999,12.233403914320148,13.938564852597912,10.359929481584517,11.557252712620517
CCCOCCCCOCCCCCCOOCC,8.5509,8.125527,0.0497459916500018,0.425373,7.136539599999999,16.540485796816725,19.818574256912992,12.171363162044763,13.85808046241348
CCCCCCCCC=C(CCC)OO,8.5509,6.6173973,0.226116864891415,1.9335027,5.871898399999999,31.33005414634718,45.62411365973229,11.265741895231244,12.69604562640255
CCCCC(CCC)N[PH](=O)COCC,8.5755,6.9133286,0.193827928400676,1.6621714,8.259909,3.6801469302081453,3.820756378793029,19.478032622375284,16.30260575509973
CCCC(C)CCCC1CCC(C)C(C)(CC)C(C)O1,8.5755,8.177123,0.0464552504227159,0.398377,8.5476244,0.3250609293918696,0.3261210214150235,4.530950555592721,4.334554054574511
CCCC(C)(CC)NN(O)CO,8.5824,8.142796,0.0512215697240864,0.439603999999999,7.6199668,11.214033370618937,12.63041198552203,6.420757685689292,6.861305484953036
CC(C)CCCCCCCC(C)OO,8.5824,8.499701,0.0096358827367635,0.0826989999999999,7.907409999999999,7.864816368381818,8.536170503363316,6.968374534586584,7.490328691695527
CCCCCCCCCC(C)CCOC(C)OC,8.5836,9.222054,0.0743806794352019,0.638453999999999,8.899579000000001,3.6811943706603336,3.5504937930210008,3.496780652119354,3.6234860098438246
CCCCCC(C)CCCC(C)CCOCC,8.5836,9.117389,0.0621870776830233,0.533788999999999,8.963818199999999,4.429588983643204,4.241699145571673,1.6843725764031863,1.7132297484569767
COCCC1CC2CC(C)C(C)(C1)C2,8.6117,8.292585,0.0370559819780067,0.319115,8.6867186,0.8711241682826844,0.8636011301206411,4.752843654903748,4.537197740007371
C=CCCCC(=O)CN(C)C1(C)C(=O)C1CCCC,8.6236,4.789413,0.444615589776891,3.834187,4.9189262000000005,42.95971288093139,75.31468555067971,2.704156020790038,2.6329567619859953
CCC1(C)CCCCCC1C(C)C1CCC(C)C1,8.6248,9.121371,0.0575747843428253,0.496570999999999,9.3130508,7.979904461552717,7.3901755158470595,2.10143628627757,2.0581848431450553
CCC(CC)CCOC(N)CCCCO,8.6248,7.585827,0.120463431036082,1.038973,8.591992999999999,0.38037983489474314,0.3818322477683794,13.263761485728566,11.710507678486222
CC(C)CC1CCCC2CCC2C1,8.6248,9.624526,0.115912948706057,0.999725999999999,9.4461566,9.523195900194782,8.695140624706557,1.853279839443515,1.888274856675564
C=CCOCCCOCOC1CCC(C)N1C,8.6281,7.536328,0.126536780983067,1.091772,6.018342,30.247192313487332,43.36340473838144,20.14224964730835,25.22266099201409
C#CCCP(C)C(C)CCC(C)CCCC(C)C,8.6753,8.296952,0.0436120941062558,0.378348000000001,7.198601200000001,17.02187590054522,20.51369090983953,13.238003546362552,15.257836480787388
CC(O)CC1CCCCC1CCCCO,8.6753,8.632947,0.0048820213710189,0.0423530000000003,8.6241126,0.5900360794439372,0.5935381687850398,0.10233353685594937,0.10243836565862528
CCCC(CN)C(CC)CCCON,8.6864,7.7609057,0.106545208601953,0.9254943,8.3532736,3.83503407625715,3.9879742476051687,7.632716114563784,7.09144616070039
CCC1(C(O)C2CCCC2)CCC=C1C,8.6864,7.121686,0.180133772333763,1.564714,6.9323896000000005,20.19260453122122,25.301670869738775,2.6580278883399227,2.730608216249126
COC1OC2C(C)COC(C)CCCOCC12,8.6969,8.512857,0.0211619082661637,0.184042999999999,8.3260536,4.264121698536256,4.454047713553028,2.1943678837786242,2.243600737809333
COC1(C)CNCCCCC(C)C1,8.7115,8.1289215,0.0668746484531939,0.582578499999999,7.6948218,11.670529759513283,13.212498306328543,5.340188117205964,5.641452281585011
CCCCCNC(CCC(C)C)NNNO,8.7128,6.6042385,0.242007334037278,2.1085615,7.869302,9.681135800201995,10.718841391523663,19.15532729473656,16.075930241335257
CC1CCC(CCC=O)C1C1OCO1,8.7242,7.074265,0.189121638660278,1.649935,6.182206399999999,29.137268746704574,41.117902501605265,12.609912125146575,14.429453536200288
CCCCOCCCSCC(N)OOCCC,8.7257,7.612293,0.127600880158612,1.113407,6.736949999999999,22.79186770115865,29.520035030688973,11.499071304796082,12.993164562598816
C#CC(CC)CNCCC(O)OCC,8.7257,7.93598,0.0905050597659787,0.78972,7.642831599999999,12.410103487399299,14.168418940435645,3.6939155592630106,3.835599360844228
CCC(C)CC(C)CCCCCOO,8.7262,8.116713,0.0698456372762485,0.609487,8.070185599999999,7.5177557241411135,8.12886385165667,0.5732295819748982,0.5765344479810008
CCC(=O)OC(CO)C(C)C,8.7262,7.098004,0.186587059659416,1.628196,7.3229966,16.080348834544253,19.161601140167136,3.169800975034662,3.0724116408848166
CCOC(=O)C(CCOCC(C)C)OC,8.7262,7.48001,0.142810157915244,1.24619,7.2465084,16.95688386697532,20.419373280516734,3.1216749710227703,3.2222635662714514
CCCC(C)(C)C1CC(CC)C1C,8.7262,9.371406,0.073938942495015,0.645206,9.1382984,4.722541312369641,4.509574780355166,2.4874346496139457,2.550886278784684
COCCCOCCCOC1=CCO1,8.7283,6.735646,0.228298064915276,1.992654,7.114219200000001,18.492499112083678,22.68809485094302,5.620443829738096,5.321359791669067
COCC1CCCCCCN1CC(O)O,8.7283,8.010677,0.0822179576778985,0.717623000000001,7.1735587999999995,17.812646219767895,21.673220271087782,10.450030627873275,11.669496596305867
CCOCC(OCC)C(CC)CCOC,8.7283,9.127629,0.0457510626353356,0.399329,8.830440199999998,1.1702187138388613,1.156682992995042,3.2559254982866026,3.365503794476775
CCC(C)CCC(C)CCCCC(C)CCO,8.7308,8.956487,0.0258495212351673,0.225686999999999,9.190560800000002,5.265964172813505,5.002532598446021,2.6134554764608344,2.546893547562436
CC(C)CC1NCCCCC(C)O1,8.7308,7.6106706,0.128296307325789,1.1201294,7.9354466,9.109742520731212,10.022793172094444,4.267376911569396,4.092724913554329
COCCC(C)C1CCCCCO1,8.7308,9.076453,0.039590071929262,0.345653,8.6292844,1.1627296467677741,1.176408092425379,4.926688872844945,5.181989366348863
CC(C)C(C)C(O)C1CC1O,8.7308,8.150195,0.0665007788518807,0.580605,8.416424,3.600769688917408,3.7352680901057402,3.266535340565461,3.163208032294941
COCC1CCC(OC2CC2C)C1,8.7325,9.160878,0.049055596908102,0.428378,8.600159,1.5154995705697138,1.5388203869254076,6.120799774868748,6.519867830350585
C#CC1CCOCCC1ONCCNCCCCCC,8.7325,7.2912445,0.165045004294303,1.4412555,7.269917599999999,16.74872487832809,20.118280295226462,0.29250013492211,0.29335820807653895
C=C1CCOC(CC)CC1C(C)C(C)CCC(C)CC,8.7463,8.020191,0.0830189908875752,0.726108999999999,6.98193,20.17275876656414,25.270519755998695,12.94558945042581,14.870687617893624
CCOCCOCCC(COOCOC)OC,8.7463,8.778719,0.0037065959319942,0.0324190000000009,7.3796142,15.62587379806318,18.51974592384518,15.937459668090534,18.95905073194749
CCCC1COC1OC(C)OC,8.7489,9.361687,0.0700416052303717,0.612786999999999,8.8946794,1.6662597583696068,1.6389505843234615,4.988498333687086,5.250415208894438
COC1CCC2(OO)CCCCCCOC12,8.7509,7.703584,0.119680947102584,1.047316,7.3627378,15.863079226136742,18.853886118286056,4.424514615534802,4.629340460826957
C#CCCNC1CCC(CCC)N1CC,8.7509,7.85709,0.10213920853855,0.893809999999999,6.949266000000001,20.587985235804307,25.925529401234588,11.554201364627358,13.06359549339455
CCC1=CCCCC(=NO)N1,8.7509,6.490741,0.258277320047081,2.260159,5.538997799999999,36.70367847878505,57.98706401363801,14.663090084783864,17.182588518088977
CCCCC(CC)C(C)(C)F,8.7543,9.728599,0.111293764207304,0.974299,10.1568708,16.021507145060134,13.809083797738172,4.402193984971517,4.216572293112158
C#CC1=CC(CCCCCCC)C1CCC,8.7543,6.3768234,0.271578150166204,2.3774766,5.655499399999999,35.39746867253808,54.792696114511166,11.311650876202734,12.754382044492854
CCOC(CCCCCCCC(C)C)C1CCC(O)C1,8.7543,8.886283,0.0150763624732988,0.131983,8.5179546,2.699763544772296,2.7746731592112637,4.144909632070024,4.324141384834349
CCCC(OC)C(NCOCCCO)OC,8.7896,8.022355,0.0872900928369893,0.767245000000001,8.2865846,5.722847456084471,6.0702379120102234,3.2936662613409675,3.1886430025706876
C=C(CC)CCCNC(C)C(C)C(C)CO,8.7896,6.9706964,0.206938154182215,1.8189036,6.6936702,23.845565213434064,31.31211633342797,3.9741538592901553,4.138629357628045
CONC(C(C)O)C(N)COC(C)C(C)C,8.8021,7.817788,0.111826950386839,0.984311999999999,8.029627799999998,8.775998909351191,9.620274055542167,2.7097153312420104,2.6382268926586883
CCCCCC1CCCC1(CC)CC,8.8021,9.398696,0.0677788255075493,0.596596,9.601855,9.085956760318574,8.329171811071934,2.1615658172155072,2.1158307431220447
CCCC(C)(C)CC(C)(CC)CO,8.826,8.605408,0.0249934285066848,0.220592,8.700600799999998,1.420793111262204,1.4412705844405844,1.1061974051665853,1.0940945595388971
C=CCC(C)CCC(C)COCCO,8.8376,7.49695,0.151698424911741,1.34065,7.468079200000001,15.496523943151978,18.338327210027433,0.3851006075804039,0.38658936557607854
CCCCCC#CCOC#CCCCCCC,8.8376,7.2019515,0.18507835837784,1.6356485,6.4840762,26.6308024803114,36.29697935998964,9.967788591744894,11.071358168184393
CCCCNCCOCCCC(C)COCC,8.8376,8.031061,0.0912622205123564,0.806539000000001,8.2452102,6.703061917262598,7.184653703552632,2.6665119341018753,2.5972557982815445
CCC(C)OC(CC(C)C)NOC,8.8933,7.690794,0.135214824643271,1.202506,8.2424882,7.318001191908512,7.895817187824419,7.173436188773227,6.693296812969657
CCOC(CN)CCCCC(C)C(C)N,8.8933,8.135116,0.0852533930037219,0.758184,8.144224,8.422925123407515,9.197635035578596,0.11195906733228451,0.11183385918657751
CC=CCC(CCC)C(C)CCOC,8.905,7.6086445,0.145576137001684,1.2963555,7.1768252,19.406791690061763,24.079934397733414,5.6753775261809105,6.016856868688956
CCC1CC(C)N1CC(CO)CCCCCO,8.905,7.9052305,0.112270578326783,0.999769499999999,7.952595199999999,10.695169006176307,11.976025134537217,0.5991564698840757,0.5955879660516263
CCCCC1CCNCNCC(OC)CC1,8.9736,7.441135,0.170774828385486,1.532465,7.661341199999999,14.623549077293399,17.128316906183482,2.959309298917422,2.8742513125508484
CN1CCCCCCCCCCCOC1,8.9736,7.7052765,0.141339428991709,1.2683235,7.6343933999999996,14.923849959882322,17.54175518384997,0.9199293497125058,0.9284706234813697
C=C(C(C)C)C(C)CC(CC)CC,9.0348,7.752592,0.141918802851198,1.282208,7.1947904,20.3658033382034,25.57419323848546,7.195033609404446,7.752854065074646
CCCCC(C)CCC(O)CCCOC,9.0348,8.835255,0.0220862664364458,0.199545000000001,8.6948846,3.7622902554566857,3.909372184192078,1.5887532391538233,1.6144021048882018
CCC1(CCNCOC)CCC(C)CC1,9.0348,8.004981,0.113983596759198,1.029819,7.8799178,12.78259839730819,14.656018366079913,1.5623172622146195,1.5871130026254903
COCC(C)NCCC(C)COO,9.0439,7.8976936,0.126738066542089,1.1462064,7.0230322,22.345092272139237,28.77486166160537,11.074896600192236,12.4541846753885
CCCCC(C)ON(C)C(CCCC)OC,9.0439,8.350118,0.07671270137883,0.693782000000001,8.0601142,10.877893386702656,12.20560621833375,3.4730503209655352,3.5980110554761238
CC(CCCC1CCCC(C)O1)OO,9.0439,8.395813,0.0716601245038092,0.648087,7.481144799999999,17.279660323533005,20.889252136918962,10.894337451298657,12.226313277614963
CCCC(C(C)OCC)C(CO)OC,9.0528,8.276594,0.0857420908448215,0.776206,8.383759999999999,7.390420643336877,7.980190272622317,1.2948079850237844,1.2782570111739773
CCCCCC1OC(COC(C)C)C(C)CC2(C)CC12,9.0528,9.057977,0.0005718672675856,0.0051769999999997,8.6418056,4.539969954047366,4.755885737582432,4.594529219935088,4.8157921997227024
CCCC=C(CC)CCCCC(N)CC,9.0593,6.378405,0.295927389533408,2.680895,6.928306599999999,23.52271588312564,30.757781418045234,8.621302661088457,7.937027498176817
CCCN1CC(C)OCC(NC)N1C,9.0593,7.6207876,0.158788471515459,1.4385124,7.6727736,15.305005905533541,18.070732596619298,0.6821604633095969,0.6775385631083956
CCCCCCCCOCCCCOC1CCCOC1,9.0593,8.448829,0.0673861115097193,0.610471,8.644799800000001,4.575410903712197,4.794792355977973,2.3195025014709296,2.266921207359843
CC1CCC(C)CC(N)CC(CN)CC1,9.0675,7.9694395,0.121098483595258,1.0980605,7.6635188,15.483663633857187,18.320320425128994,3.8386727197063193,3.9919090431408573
CCCC1CCCCC1COC(CC)CC,9.0735,9.205681,0.0145678073510774,0.132181000000001,8.841055999999998,2.561789827519711,2.62914294401032,3.960869380548837,4.124224527024849
CCCC1CCCOCCC(S)CNC1,9.0735,6.5997334,0.272636424753403,2.4737666,6.8493686,24.512386620378017,32.4720646513315,3.7825043054011873,3.6446454349091413
CCC(CC)CCOC(CCOC)OC,9.1141,8.753026,0.0396170768369889,0.361074,9.051738799999999,0.6842277350479099,0.6889416649981279,3.4126803690517864,3.3000598735791935
CCCCC(CC1NCC1CC)NCC,9.1227,7.7654505,0.148777171232201,1.3572495,7.744362199999999,15.108880046477474,17.79795113405208,0.2715656998908256,0.2723051873787698
CCCCOCC1CCC(CC)C1,9.1261,9.141022,0.0016350905644251,0.0149220000000003,9.099373799999999,0.29285455999825327,0.29371471694019863,0.45561863870364727,0.4577040235450149
CCCCC1CCOCC=CC1(O)CC,9.1508,6.413177,0.299167613760545,2.737623,7.007789,23.41883769725052,30.580415591850734,9.271722891789821,8.485015744623585
C=C(N)OC1OC(OC)CCC1CC,9.1594,8.246752,0.0996405878114286,0.912647999999999,6.868150399999999,25.015280476887135,33.36050416135326,16.716903818618544,20.072385135887554
CCC(C(C)C)C1CC1COC,9.1594,8.828102,0.0361702731619975,0.331298,9.2346572,0.8216389719850576,0.814943082023655,4.605239042321891,4.402493684335134
COC1C(C)CC(C)OCCC1(C)C,9.1631,8.956978,0.0224947888814921,0.206122000000001,8.2302392,10.180624461153979,11.334552706560466,8.113660656529465,8.830105448211027
CC1CC2CCOCC2CC1OO,9.1631,8.723944,0.0479265750673899,0.439156000000001,7.4370484,18.836983117067366,23.208825694881856,14.751305143636861,17.303848661251138
CCC1CCCC(OC)C(C)C1,9.1631,8.614864,0.0598308432735646,0.548235999999999,8.554157199999999,6.6455981054446776,7.118676752865862,0.7046750825085798,0.7096759923935224
C#CCCC(CCCCC)CCCCCCC,9.1631,8.671806,0.0536165708111883,0.491294,8.592809599999999,6.223771431065917,6.63683273047271,0.9109567257385739,0.9193314372984732
C=CCCC=S(CCC)CC(=C)C(C)C,9.1631,4.951079,0.459672054217459,4.212021,4.258024600000001,53.53074177952875,115.19603245129207,13.998047698289593,16.276430154959634
CC(O)(CO)C(C)(O)OCCO,9.1746,8.350842,0.0897868026943954,0.823758,8.172804999999999,10.91922263640923,12.257664290289583,2.1319646569771233,2.1784075357236787
COC(CO)C(C)C(C)C,9.1816,8.701631,0.0522750936655919,0.479968999999999,8.035344,12.484272893613307,14.265176450441938,7.657035790186925,8.291953648779698
CCCCC(O)CCCCCCC(C)C,9.2286,9.195616,0.0035741065817134,0.0329840000000008,9.0128142,2.338228983811204,2.3942111222042146,1.98792337566075,2.0282432983029874
CCCCCCC(CCCC)C(C)OC,9.2456,8.773853,0.0510239465259149,0.471746999999999,9.058815999999998,2.0202474690663794,2.061903012490829,3.2478661313336072,3.1456980691516168
CCCCCCCCCC(CC)COC(C)C,9.2456,9.203111,0.0045955914164575,0.0424889999999998,9.001109600000001,2.6443973349484984,2.7162251196230107,2.194925172585646,2.244183317132351
CCCC1CCC(CC)CN(C)C1,9.2605,7.9571195,0.140746234004643,1.3033805,7.2097614,22.145009448733877,28.443917714114658,9.392319670453617,10.365920015050714
COCCCCC1CCCCCOC(C)C1,9.2605,9.244285,0.0017509853679607,0.0162150000000008,8.5065222,8.141869229523257,8.863525918970755,7.980744860202822,8.67290747798202
CCC1CCCCCC1C(COC)COO,9.2605,8.198045,0.114729766211328,1.062455,7.7868254,15.913553263862651,18.925229786197605,5.016069075005087,5.280965976198733
CCC(C)C1CC(C)CCC1C,9.2605,9.31155,0.0055126613033853,0.05105,9.547959399999998,3.1041455644943325,3.0106893835346407,2.5388834297189797,2.47602016405723
CCCCCNOCNOCCC1CCCCC1,9.2616,8.341144,0.0993841236935302,0.920456,8.3889318,9.42243456854107,10.402614072986022,0.5729166167134874,0.5696529801327035
CCCCNC(C)C(CC)COC,9.2669,8.263783,0.108247310319524,1.003117,7.959128,14.112292136528936,16.43109647187481,3.6866287510211766,3.827743441241306
CC(CO)NCC(C)N1NCC1C,9.2669,7.5138626,0.189171934519634,1.7530374,7.173286599999999,22.592381486797102,29.186250553546834,4.5326354517049765,4.747837622994198
CNCCC(O)CC1CC1(CN)CNC,9.2669,7.593234,0.180606891193387,1.673666,7.574781599999999,18.25981072419041,22.338840766049298,0.2430110806541855,0.24360306309030794
CC(CCCCO)C1CCCCCCO1,9.2669,8.744162,0.0564091551651578,0.522738,8.706316999999999,6.049304513915129,6.43880759223448,0.43280305191052953,0.43468437916975455
COCOC1CC(OC(O)C(C)C)CCO1,9.2781,8.6533575,0.0673351763830957,0.6247425,9.0435728,2.5277502937023795,2.593302505399199,4.509409209084445,4.314835614526148
CCCC1CCCC(C)CCCN(COC)CO1,9.2781,8.510584,0.0827234024207543,0.767516000000001,8.0260892,13.4942585227579,15.599263461961035,5.6928502203844085,6.0364990710544335
CCC12CCC3C(C)C(C1)OC(C)C2C3C,9.2781,8.874699,0.0434788372619395,0.403401000000001,8.019556399999999,13.5646694905207,15.69343162172912,9.635736378214075,10.663215735972638
C=CCCC(CC)OC(CO)OC,9.2781,7.9155746,0.146853924833748,1.3625254,7.393496399999999,20.31238723445534,25.490018497878776,6.595581829271131,7.061316754005603
CCCCC1CCCCCCCCC(C)(C)CC1C,9.2794,9.81139,0.0573302153156453,0.531989999999999,9.4804538,2.1666681035411623,2.120719157979533,3.3729797714696903,3.490721087634012
CC1CCCCC(C)CCC(C)CC1,9.2917,9.528654,0.0255016842988903,0.236953999999999,9.664733199999999,4.014692682716815,3.8597361383964364,1.428105165745333,1.4079974809858105
OCCCCCC1C2COCC1(OO)C2,9.2917,8.362456,0.10000796409699,0.929244000000001,7.275905999999999,21.69456611814847,27.705058311638464,12.993192430549122,14.93353542500413
CC1CCCCC(C)OC(C)(C)O1,9.2917,8.593608,0.0751307080512716,0.698092000000001,8.6894406,6.481692262987409,6.930934081073081,1.1151614083397754,1.1028627090217937
CC1CCCCCCC(C)C1O,9.3562,8.427294,0.0992824009747547,0.928906,8.4822964,9.340368953207502,10.302676996762344,0.6526697656448125,0.6484376094190643
CCCCCC1CCCCC(CC)CC1,9.3621,9.622313,0.0277942982877773,0.260213,9.639418599999999,2.9621409726450176,2.876922473311816,0.17777014736476504,0.1774546859081205
CC1CC(CCO)CCCCCC1N,9.3621,8.259673,0.117754243171938,1.102427,7.6768566,18.00069856122024,21.952258428273886,7.056167962097285,7.5918625339439005
CCCC(CCC)CCCC(C)OCC,9.4283,9.060233,0.0390385329274631,0.368067,8.998659799999999,4.556921184094709,4.774490974756058,0.6795984165087315,0.6842485588798629
CCCC(CCC)C(CC)C(C)COC,9.4283,8.587786,0.0891479906239726,0.840514000000001,9.019891399999999,4.3317310649852185,4.527866045039095,5.0316274765114,4.790583177087912
CCCCCC(C)OCC(=O)CCC,9.444,6.933292,0.265852181279119,2.510708,6.3588642,32.667681067344354,48.5170889480546,8.285065737891893,9.033496893989332
CCCCNC(CCC)C1(C)CC1O,9.4485,7.7416897,0.180643520135471,1.7068103,7.765866,17.808477536116836,21.667049109526218,0.31228712253863267,0.31131492611383854
CC1OC1N(C(C)C)C(C)C,9.4485,8.361875,0.115005027253003,1.086625,7.773487599999999,17.72781288035138,21.54775933520496,7.03654862097317,7.569155960318252
CCCCCCCCCC(CC)C(C)CC,9.4757,10.013958,0.0568040355857616,0.538258000000001,9.9853848,5.3788617199784765,5.104308048298754,0.2853337311780247,0.2861502142611499
C=C(CC)CC(CCOO)C(O)CC,9.4969,6.6247587,0.302429350630206,2.8721413,7.130279,24.91993176720825,33.191141608904786,7.630773027250029,7.089768857572048
CCCC(C)CC(C)CCC(O)CC,9.4969,8.8704,0.0659688951131422,0.6265,9.0460226,4.747627120428766,4.984261259749666,1.9798723845598905,1.9414344598254762
CCCCCCCCCCC(C)CCCCO,9.4969,9.049661,0.0470931567142962,0.447239,9.2292132,2.8186755678168653,2.90042925869347,1.984076530601531,1.9454767823545331
C=CCCC(CCC)CCCCC,9.5498,7.6158934,0.202507549896333,1.9339066,7.483050199999999,21.64181239397684,27.619082389691847,1.7442891204333404,1.7752546949371106
CCC(C(C)C)C(OC)OCOC,9.5498,8.9687605,0.0608431066619195,0.581039499999999,8.9246214,6.5465098745523465,7.005099398390166,0.49214269909426894,0.4945767223246093
CCCCCCC1CCC(CO)CCCN1,9.5689,7.6383715,0.201750305677769,1.9305285,7.2524968,24.2076226107494,31.939389480323506,5.0517927806993885,5.320577321730077
CN=CC(CNCCC=O)OOC,9.5689,6.3626533,0.335069516872368,3.2062467,5.497351200000001,42.549810323025625,74.06382914011385,13.59970533047902,15.740346005181532
CCC(O)C(N)C(O)CC1CC(C)CC(C)C1,9.5689,8.318041,0.130721295028687,1.250859,7.9084988,17.352059275360794,20.995150179449972,4.923541492522085,5.178507455801838
CC(C)CCOCC1(C)OCC1C,9.5689,8.802699,0.0800720040966045,0.766200999999999,8.632550799999999,9.78533791762899,10.846726786710605,1.9329094406159024,1.9710072253499122
CCCCCCCNC(C)CCC(C)CC,9.5886,7.6535616,0.201806144796946,1.9350384,8.0345274,16.207502659408043,19.342427035596387,4.977627670756583,4.741608075168183
CCCCC1(C=O)OCCC1C,9.5886,7.429266,0.225198047681622,2.159334,5.6990514,40.56430135786246,68.24905281605285,23.289172846954195,30.359694597595666
CC1CCCN(C)C(C)CC1,9.6055,7.9822373,0.168993045650929,1.6232627,7.2122112000000005,24.91581697985528,33.183842425468605,9.646745280298793,10.676699262495251
CC1CCC(C)(C)C(C)(C)C(CO)C1,9.6398,8.497676,0.11848005145335,1.142124,8.741703000000001,9.316552210626758,10.273707537307066,2.871691036466922,2.7915270056646952
CCCCC(CCCCOCC)C(C)CCC,9.6398,9.006597,0.0656863212929729,0.633203,8.9488472,7.167708873628083,7.721137533782003,0.6411944489133893,0.645332283693478
CC(O)=CC(C)CCCC(C)C,9.6506,7.205268,0.253386525190144,2.445332,6.934567199999999,28.14366775122792,39.166579855192715,3.75698447302725,3.9036437630887924
CCC1CCCCCC(C)C(OC)O1,9.6644,9.08063,0.0604041637349449,0.583770000000001,8.6755584,10.231795041595966,11.398016754748614,4.460831462134229,4.669112710946646
CCC1CCC(C)CN(CC)CC1,9.6644,8.060186,0.165992094698067,1.604214,7.229632,25.193162534663312,33.67762010569834,10.304402404609526,11.48819193010101
CCCCCC(C)OC(C#N)CC,9.6644,8.336182,0.137434087993047,1.328218,8.100672000000001,16.180290550887786,19.3036824599243,2.8251542492714248,2.9072896668325745
CCC1CCCC1COCCCCC(C)C,9.6644,8.82402,0.0869562518107694,0.84038,9.0596326,6.257681801249948,6.675407565644549,2.6701276742346414,2.6006860366500915
CCCCCCOCCCCC(CCC)OO,9.6763,8.679337,0.103031427301758,0.996962999999999,7.7302078000000005,20.111945681717174,25.175160233079357,10.935503483733836,12.278184811538956
CCCCCOOCCCC(C)CCCCOCC(C)C,9.6913,8.985222,0.0728568922641957,0.706078,7.685294799999999,20.699031089740288,26.101864043003282,14.467391011596606,16.914474120107936
OOC1CCCCCCCC12NCCCNON2,9.7336,7.2601852,0.254110996958987,2.4734148,6.5107517999999995,33.11054697131585,49.50040024563676,10.322510781129937,11.510704493450358
CCCCCCCCCCCCCCCCCCCC,9.7336,9.9402075,0.0212262164050301,0.2066075,10.014782399999998,2.8887811292841166,2.8076735846002885,0.7502348416770799,0.7446482311986953
CCC(COOO)CC(C)C1CCC(C)C(C)(C)CC1,9.7408,8.572608,0.119927726675427,1.168192,8.0919616,16.927135348226024,20.376250920419604,5.606769841803115,5.939800801822901
CCC(C)CCCONC(C)(C)CC,9.7484,8.059576,0.173241147265192,1.688824,8.2825016,15.037323047884785,17.69873971409798,2.7659718079462237,2.6915249856396035
CCCCC(OC(C)OCC)C(C)=O,9.7484,7.195698,0.261858561404948,2.552702,6.1280386,37.13800623692094,59.07863243550718,14.83746816500637,17.422530595678694
CCCCCCC(C)CCCC1CCC1,9.7484,9.805268,0.0058335726888514,0.0568679999999997,9.8174374,0.7081921135776038,0.703212021499614,0.12411083511434304,0.12395699105755889
CC1CCC2CC(CCCC1CCCCO)C2,9.7484,9.554421,0.0198985474539412,0.193979000000001,8.784438399999999,9.888408354191467,10.973514254479845,8.058914297370826,8.765302514956455
CCCCCC1CCCCC(C)CCC1,9.7484,9.196356,0.0566291904312503,0.552044,9.435268599999999,3.2121312215338045,3.3187332896914183,2.5979050832742776,2.5321229328860766
CCCCCCC(CC(C)N)C(C)CC,9.7537,8.171788,0.162185837169484,1.581912,8.333130800000001,14.56441350461875,17.04724471623557,1.974387979717556,1.9361606564486142
CCCCCC(OCC)C(C)(C)C,9.7537,8.337554,0.145190645601156,1.416146,8.686718599999999,10.939247670114943,12.28290507764349,4.18785413563736,4.019522400552933
CCCCCCC(CCCCCO)C(C)CC,9.7677,8.808803,0.0981701935972645,0.958897,9.1804894,6.011759165412521,6.396288633588518,4.219488164282952,4.048655619601298
CCCCCCC1CCCC(C)C1,9.7726,9.736602,0.0036835642510694,0.0359980000000011,9.8269644,0.5562941284816628,0.55321661692393,0.9280691559539977,0.9195352330776742
CC1OCCC2CC(C)C3(C)CC1C3C2,9.7799,9.011932,0.0785251382938476,0.767968,8.021461799999999,17.980124541150733,21.921667694035527,10.990653280561824,12.34775187734486
CC1CC(C)C(C)CCCCCCCO1,9.7904,9.145989,0.0658207019120771,0.644411,8.734081399999999,10.789330364438642,12.09421519703264,4.503696647787363,4.716095272480528
CCCCC(CO)C(CCC)OC,9.7904,8.528496,0.128891975813041,1.261904,8.77845,10.336145612028115,11.527661489215074,2.930809840328223,2.847359157937892
CCCOCCCCCC(C)C1CCCO1,9.8094,8.975982,0.0849611597039574,0.833418,8.6918904,11.392231940791484,12.856922356038911,3.1650197159486284,3.2684673520503664
CCCCCCCCC(CO)CCCC=O,9.8094,6.8804555,0.298585489428507,2.9289445,6.223853,36.55215405631333,57.609763598208374,9.543009180133495,10.549775195525985
CCCC(CCC)CCCCCOO,9.8362,8.208338,0.165497041540432,1.627862,8.071546599999998,17.940397714564586,21.86264278025729,1.666493265750042,1.694735925826182
CCCCCC(C)CCCCCC(C)CC,9.8374,9.966385,0.0131116961798849,0.128985,9.9535374,1.180570069327256,1.1667952340240315,0.12890932870845973,0.12907571935180176
CCCCCC1CCC(C2CCCC(C)C(C)C2)C1,9.8374,9.495445,0.0347607091304613,0.341955,9.5634748,2.7845284323093575,2.864285270035958,0.7164466752216425,0.7113502301485617
CC1CCCCC(C)C(C)(O)C1,9.8586,8.846298,0.10268212525105,1.012302,8.7242822,11.505871016168623,13.00184673072588,1.3792865671041326,1.398576951121567
CCCCOC(C)CC(C)CC,9.8631,9.127298,0.0746014944591457,0.735802,8.9101948,9.661315407934627,10.694549573708535,2.3786141309290043,2.436570747027892
CCCCCCCCCC(CC)CCCCO,9.8877,9.448509,0.0444179131648413,0.439191000000001,9.228124399999999,6.670667597115627,7.147450244602273,2.3324801828521404,2.388184103803379
CC(C)OC(C)CC1CCCC(C(C)C)C1,9.8877,9.260845,0.0633974534017012,0.626855000000001,8.4153352,14.890872498154284,17.496210964953615,9.129942246090938,10.047250405426517
CCC(CC)C(=CC1CCC(OC)C1)OO,9.9229,6.3294454,0.362137540436767,3.5934546,6.4957807999999995,34.537475939493504,52.759157143972615,2.627961685237058,2.560668303339292
CC(CCOCC(C)(CO)CCCO)OO,9.9229,8.067684,0.186963085388344,1.855216,7.5995517999999995,23.414003970613436,30.57217400636707,5.802559941613979,6.159997488272931
CC(C)CNN1CC1CC(C)C(C)CO,9.9457,7.742227,0.221550318227978,2.203473,8.104755,18.50995907779241,22.714381865953992,4.682477018563278,4.473028487597726
CCCC(CO)CCOCCC(CC)CC,9.9457,8.922487,0.102879938063686,1.023213,8.8222742,11.295593070372117,12.733970567362322,1.1231487364453379,1.135906657718704
CCCC(CO)CCOCCC(C)N,9.9585,7.9789186,0.198783089822765,1.9795814,8.396009,15.690023597931429,18.60992526330071,5.227405127306341,4.967722164185381
CC1CCCC1CCCCC1CCCC1,9.9585,9.500523,0.0459885524928454,0.457977000000001,9.841391,1.1759702766480997,1.1899638983960805,3.587886687922343,3.463616068094443
CC1CCC#CCC(PCCO)O1,9.9664,7.946836,0.202637261197624,2.019564,6.9340228,30.42600337132766,43.73186081822517,12.744860973600062,14.606430195181938
CCC(C)CCC(O)C(C)CC,9.9664,8.737442,0.123310122009953,1.228958,9.0296906,9.39867354310483,10.373659979003042,3.344784434620575,3.2365294996929426
CCCCC1C(C)C1CCCCC(C)C,9.9745,9.748009,0.0227070028572862,0.226491000000001,9.257794200000001,7.185380720838134,7.741647573025546,5.028871023816234,5.295157673736131
CCCCCCC1CCC(CCCCC)C1,9.9745,9.617,0.0358413955586746,0.3575,10.110052399999999,1.3589894230287045,1.3407685206458293,5.126883643547863,4.876853061612204
CCCOCCCNC(C)CC1CCCCO1,10.0143,7.3792815,0.263125580419999,2.6350185,7.9506898,20.606634512646917,25.955108951678636,7.743413772736544,7.1869021980960675
CCCCCOCCC1COCC1C,10.0143,8.457792,0.155428537191816,1.556508,8.465147799999999,15.469400756917626,18.300356196970384,0.08697068927681285,0.0868951159954837
COCCONCCCC(C)(C)C(C)CNON,10.0381,7.4263763,0.260181080084877,2.6117237,8.055759,19.748169474302905,24.607749561524866,8.47496375856957,7.812829306338482
CCC[SH](CC1CC(OC)O1)OC,10.0381,5.9653764,0.405726541875455,4.0727236,6.2205866,38.0302387902093,61.36902587289759,4.2781910626796265,4.102670960323897
CC=CC(C)(CO)CCCC,10.1204,8.027124,0.206837279158926,2.093276,7.281894399999999,28.047365716770102,38.980318088655636,9.283892960916036,10.234007238555971
CC1CCCC(C(C)C)CCC1,10.1204,9.773867,0.0342410379036403,0.346533000000001,9.6750768,4.4002529544286855,4.60278723575611,1.010758587159001,1.021079233190168
CCCC(C)CC(C)CC(C)C(C)(CC)CCC,10.1204,9.477817,0.063493834235801,0.642583,9.526183399999999,5.871473459547064,6.237719504749418,0.5103116044548975,0.507720647074662
CCCCCCCCC1C(C)CCCC1C,10.1204,9.89659,0.0221147385478835,0.22381,9.6641888,4.507837634876095,4.720636252470567,2.3482957261036375,2.404766761179169
CCC(C(C)CO)C1CCC(C)C(C)C1,10.1396,9.3432455,0.0785390449327389,0.7963545,8.4539876,16.624052230857234,19.938666576705177,9.51765529440493,10.518798253264537
CCCC(O)CCC(C)CCCO,10.1396,8.177025,0.193555465698844,1.962575,8.9074728,12.151635172985117,13.832511506518424,8.932928540636727,8.200393269794775
CCC1CCCCC(C)CCC1C,10.1396,9.689471,0.0443931713282576,0.450129,9.1960048,9.306039685983658,10.260925483640449,5.092808472206569,5.3660933278329574
CCCC(OC)OC(C)C1CCCC1,10.1396,9.004092,0.111987455126435,1.135508,8.818191200000001,13.032159059528961,14.98503230458417,2.064625727946792,2.1081511591628774
CCC1CCCCCC(CCCCCC(C)C)CC1,10.1801,9.851489,0.0322797418492941,0.328610999999999,9.6764378,4.947517214958587,5.205037333056582,1.776900933452805,1.8090458867001695
CCCCC1CCC(C)CCCCOC1,10.1801,8.893273,0.126406125676565,1.286827,8.6603152,14.928977122032203,17.548839330928743,2.6194832880987824,2.6899459733290216
CCOC(COO)C(C)CC(C)=O,10.1862,6.4960985,0.362264779800122,3.6901015,6.193366599999999,39.19845869902417,64.46951485158333,4.660211048216114,4.888002270041649
COCCCC(O)OC(C)(C)C,10.1862,8.765135,0.139508845300504,1.421065,8.872631199999999,12.89557244114587,14.804726697081701,1.2264066668682017,1.211548159468165
CC(CO)COCC1CC(C)C1O,10.208,8.898578,0.128274098746081,1.309422,8.702233999999999,14.75084247648904,17.30321202578558,2.206464898099467,2.256248223157429
C=C(C)OCCCCCCCCO,10.2149,7.4745865,0.268266307061254,2.7403135,6.984107600000001,31.628233267090227,46.25920139031076,6.56195362780268,7.0227855596039115
COCCOCCCCC(CC(CO)OO)OCO,10.2149,8.928303,0.125952970660506,1.286597,7.4942104,26.634520161724538,36.303885997115856,16.062320017589006,19.136006643208198
CCSCCC(O)(ON)C(C)C,10.2752,7.8954954,0.231596912955466,2.3797046,6.773969200000001,34.07457567735907,51.68654737904623,14.20463369530934,16.55641126918615
CCOC(CC)C(CN)(COC)CC(C)CC,10.2752,8.412952,0.181237153534724,1.862248,7.866307799999999,23.443750000000012,30.622907992489207,6.497650289696197,6.949183961502271
CC(CCO)CCCCCC(O)COO,10.3278,8.613592,0.165979976374446,1.714208,7.921292199999999,23.301262611592023,30.380242758877156,8.037295010026032,8.739733146064244
CCCCC1CCCOCCC1C1CO1,10.3278,8.511373,0.175877437595616,1.816427,8.543541399999999,17.2762698735452,20.884297464749235,0.37794607286037146,0.3765230188970348
CCCC(C)CCC(COC)C(C)CC,10.3278,9.219351,0.107326729797246,1.108449,8.945036400000001,13.388752686922665,15.4584457588121,2.9754220226564594,3.0666683480460573
CCCCCC1CC1OC(O)CCCCCOCOC,10.3278,8.820791,0.145917717229226,1.507009,8.4997172,17.700602257983313,21.507572040161534,3.639966075604791,3.7774645019954387
CCC1CCC2CCC2(C)CCC(C)C1,10.3445,9.157047,0.114790758374015,1.187453,9.352792,9.58681424911788,10.60333641547892,2.13764328172609,2.092904450350232
CC(C)CCCCCCCCCC(C)CO,10.3445,9.094591,0.120828362898159,1.249909,9.139114999999999,11.652423993426472,13.18929677545366,0.48956572098733325,0.4871806515182173
CCCCCCCCC(CC)C(C)CO,10.367,9.157076,0.116709173338478,1.209924,9.049016799999999,12.713255522330492,14.564932623398406,1.180062281889998,1.194154043343155
CCCCCC(C)CCCCC(CC)CCC,10.4078,9.83597,0.0549424470108957,0.57183,9.8797712,5.073394953784657,5.344544821037956,0.44531652699226165,0.44334225067884936
CCCCCCCCC(C)CCOC(C)CC,10.4078,9.299546,0.106483022348623,1.108254,8.879164,14.68740752128212,17.21599015402802,4.520457235224172,4.734477254840659
CCC(C)CCCCCOC(CC)COO,10.4078,8.42735,0.190285170737332,1.98045,7.712787,25.894165914026026,34.94214218543829,8.479094851881088,9.264653620020894
CCCCC1CCCC(C)C1CCCCCO,10.4078,9.170257,0.1189053402256,1.237543,9.0128142,13.403272545590813,15.477804923572048,1.7168853610100578,1.7468772406292379
CCCC(CCC1CC1)C1CC1C1CC1,10.4087,9.05501,0.13005370507364,1.35369,9.0795032,12.770055818690135,14.639532259870784,0.2704933511945345,0.26976365843452993
CCOC(CO)CCC(C)O,10.4097,8.996402,0.135767409243302,1.413298,8.3290478,19.987628846172328,24.98067306085098,7.418012223108751,8.012370873895094
COC1CCC(C)CCCCNC1,10.4097,8.025324,0.229053286838238,2.384376,7.552188999999999,27.450464470637975,37.83685763160855,5.8955252149321336,6.26487234363441
CCCC(C)CCC(CCC)(CCC)COC,10.4097,9.218219,0.114458725995946,1.191481,8.827173799999999,15.20241889775884,17.927892164080898,4.242090581705649,4.430015867592872
CCCC(CCC)OCCOC(C)CCO,10.4157,8.335164,0.199749992799332,2.080536,8.8364286,15.1624125118811,17.872281568596613,6.013854076536453,5.672705825971354
CCCC(C(C)O)C(C)(C)CC,10.4157,8.609581,0.17340351584627,1.806119,9.046567,13.144896646408785,15.134282430009083,5.075578010126152,4.830406937791974
CCCC(C)OCN(C)C(C)CC,10.4223,8.078756,0.224858620458056,2.343544,7.836638,24.808938526045115,32.99453158356938,2.9969713158808173,3.0895646832225823
CCCCC1CCC1CCC(C)C,10.4223,9.515126,0.0870416318854763,0.907174,9.7251616,6.688911276781518,7.1683991348791585,2.207386428724112,2.1597132123747893
CCCCC(C)CCC(C)OC,10.4223,8.87094,0.148850061886532,1.55136,8.957557600000001,14.053926676453363,16.35202881642646,0.9764196353487014,0.9669778735221537
COCCCCCC(O)OCCCOC(C)(C)C,10.4747,8.67724,0.171600141292829,1.79746,8.841055999999998,15.596093444203671,18.477928428459254,1.887881400076509,1.8529008299460934
CCC1CCCCCCCCC(C)C(C)CC1,10.4747,9.732974,0.0708111926833227,0.741726,9.6963084,7.431158887605381,8.027710834775025,0.37671527736538657,0.37813978771550794
CC(C)CCCOC(COO)C(C)O,10.4978,8.515746,0.18880660709863,1.982054,7.59438,27.657413934348146,38.231165677777504,10.81955708871542,12.13220829086772
CCC1CC2CCCCC(CCC2)C1,10.4978,9.182265,0.125315304158967,1.315535,8.9423144,14.817253138752873,17.394664629550476,2.6131961994126556,2.683316524858469
CCCC1C(C)CCCCCCC(CC)C1O,10.4978,8.68926,0.172278001104993,1.80854,8.721560199999999,16.92011469069711,20.36607853718651,0.37172555545579383,0.37034887404661976
CCCC(CCOC)CCOC1CCCC1,10.5162,8.63677,0.178717597611304,1.87943,8.860382199999998,15.745400429813063,18.687882335369252,2.5890720720824802,2.523730861181113
CCCCOC1CCCCCC(C)CC1,10.5162,9.25304,0.120115631121508,1.26316,8.5710336,18.496856278884007,22.694653769645704,7.370619817919306,7.957107996869836
CCCC(C)CCCCCCCCOCO,10.5547,9.023464,0.145076221967465,1.531236,9.208253800000001,12.756840080722323,14.622166474169063,2.047880946829297,2.006784391629179
CCCCCC1OCCC(CNCO)CCCC1C,10.5637,7.551732,0.285124340903282,3.011968,8.088423,23.431913060764696,30.60271452173063,7.106859724365222,6.6352983764573175
CC1CCCCCCC(C)(O)CC1C,10.5637,9.009374,0.147138407944186,1.554326,8.564772999999999,18.92260287588631,23.338937295827947,4.9348711686294795,5.191042424591995
CCCCCCC(CCO)CC1CCC1,10.5824,8.740086,0.174092266404596,1.842314,9.1369374,13.65911891442394,15.819990186208335,4.540589188710512,4.343374400266778
CCCCCC1OCCC(C)C1CC,10.5955,8.789233,0.170474918597518,1.806267,8.6951568,17.935380114199425,21.855191846569117,1.0703573337969303,1.0819379358403283
CCCC(CCC)OCCC(C)CC,10.5955,9.074103,0.143588976452268,1.521397,8.7509578,17.408732008871684,21.078175008454494,3.5611806478282104,3.692683788281998
CCC(C)CCC(CC)(CC)C1CC(C)C1,10.641,9.198316,0.135577859223757,1.442684,9.385456,11.799116624377412,13.377549263456146,2.034502837258466,1.9939361497193042
CCCCC1CCCCCC(C)OC1,10.6754,9.092531,0.148272570582835,1.582869,8.553885000000001,19.87293216179252,24.801771358862066,5.924049090401762,6.2970919061923105
CCCCOCCOC(C)CC(C)CCCO,10.6942,8.226083,0.230790241439285,2.468117,8.8647374,17.10705429111108,20.63752728873843,7.763772867353759,7.204436760867841
CCC(C)CC(CC)C(C)CCO,10.6942,8.575223,0.198142638065494,2.118977,9.1167946,14.750101924407621,17.302193031748242,6.315539549233892,5.9403729464301085
